,dem_id,tile,supertile,s3url,fileurl,fireid,UniqueID
0,58_45_2_2_2m_v4.1,58_45_2_2,58_45,https://polargeospatialcenter.github.io/stac-browser/#/external/pgc-opendata-dems.s3.us-west-2.amazonaws.com/arcticdem/mosaics/v4.1/2m/58_45/58_45_2_2_2m_v4.1.json,https://data.pgc.umn.edu/elev/dem/setsm/ArcticDEM/mosaic/v4.1/2m/58_45/58_45_2_2_2m_v4.1.tar.gz,16554,129258
1,58_26_1_2_2m_v4.1,58_26_1_2,58_26,https://polargeospatialcenter.github.io/stac-browser/#/external/pgc-opendata-dems.s3.us-west-2.amazonaws.com/arcticdem/mosaics/v4.1/2m/58_26/58_26_1_2_2m_v4.1.json,https://data.pgc.umn.edu/elev/dem/setsm/ArcticDEM/mosaic/v4.1/2m/58_26/58_26_1_2_2m_v4.1.tar.gz,25458,58956
2,58_26_1_2_2m_v4.1,58_26_1_2,58_26,https://polargeospatialcenter.github.io/stac-browser/#/external/pgc-opendata-dems.s3.us-west-2.amazonaws.com/arcticdem/mosaics/v4.1/2m/58_26/58_26_1_2_2m_v4.1.json,https://data.pgc.umn.edu/elev/dem/setsm/ArcticDEM/mosaic/v4.1/2m/58_26/58_26_1_2_2m_v4.1.tar.gz,24797,59249
3,58_26_2_2_2m_v4.1,58_26_2_2,58_26,https://polargeospatialcenter.github.io/stac-browser/#/external/pgc-opendata-dems.s3.us-west-2.amazonaws.com/arcticdem/mosaics/v4.1/2m/58_26/58_26_2_2_2m_v4.1.json,https://data.pgc.umn.edu/elev/dem/setsm/ArcticDEM/mosaic/v4.1/2m/58_26/58_26_2_2_2m_v4.1.tar.gz,20863,23800
4,58_26_2_2_2m_v4.1,58_26_2_2,58_26,https://polargeospatialcenter.github.io/stac-browser/#/external/pgc-opendata-dems.s3.us-west-2.amazonaws.com/arcticdem/mosaics/v4.1/2m/58_26/58_26_2_2_2m_v4.1.json,https://data.pgc.umn.edu/elev/dem/setsm/ArcticDEM/mosaic/v4.1/2m/58_26/58_26_2_2_2m_v4.1.tar.gz,33821,37601
5,58_26_2_2_2m_v4.1,58_26_2_2,58_26,https://polargeospatialcenter.github.io/stac-browser/#/external/pgc-opendata-dems.s3.us-west-2.amazonaws.com/arcticdem/mosaics/v4.1/2m/58_26/58_26_2_2_2m_v4.1.json,https://data.pgc.umn.edu/elev/dem/setsm/ArcticDEM/mosaic/v4.1/2m/58_26/58_26_2_2_2m_v4.1.tar.gz,28601,40017
6,58_26_2_2_2m_v4.1,58_26_2_2,58_26,https://polargeospatialcenter.github.io/stac-browser/#/external/pgc-opendata-dems.s3.us-west-2.amazonaws.com/arcticdem/mosaics/v4.1/2m/58_26/58_26_2_2_2m_v4.1.json,https://data.pgc.umn.edu/elev/dem/setsm/ArcticDEM/mosaic/v4.1/2m/58_26/58_26_2_2_2m_v4.1.tar.gz,15231,91363
7,58_26_2_2_2m_v4.1,58_26_2_2,58_26,https://polargeospatialcenter.github.io/stac-browser/#/external/pgc-opendata-dems.s3.us-west-2.amazonaws.com/arcticdem/mosaics/v4.1/2m/58_26/58_26_2_2_2m_v4.1.json,https://data.pgc.umn.edu/elev/dem/setsm/ArcticDEM/mosaic/v4.1/2m/58_26/58_26_2_2_2m_v4.1.tar.gz,15970,163325
8,61_24_1_2_2m_v4.1,61_24_1_2,61_24,https://polargeospatialcenter.github.io/stac-browser/#/external/pgc-opendata-dems.s3.us-west-2.amazonaws.com/arcticdem/mosaics/v4.1/2m/61_24/61_24_1_2_2m_v4.1.json,https://data.pgc.umn.edu/elev/dem/setsm/ArcticDEM/mosaic/v4.1/2m/61_24/61_24_1_2_2m_v4.1.tar.gz,20002,7752
9,61_24_1_2_2m_v4.1,61_24_1_2,61_24,https://polargeospatialcenter.github.io/stac-browser/#/external/pgc-opendata-dems.s3.us-west-2.amazonaws.com/arcticdem/mosaics/v4.1/2m/61_24/61_24_1_2_2m_v4.1.json,https://data.pgc.umn.edu/elev/dem/setsm/ArcticDEM/mosaic/v4.1/2m/61_24/61_24_1_2_2m_v4.1.tar.gz,17070,76597
10,61_24_1_2_2m_v4.1,61_24_1_2,61_24,https://polargeospatialcenter.github.io/stac-browser/#/external/pgc-opendata-dems.s3.us-west-2.amazonaws.com/arcticdem/mosaics/v4.1/2m/61_24/61_24_1_2_2m_v4.1.json,https://data.pgc.umn.edu/elev/dem/setsm/ArcticDEM/mosaic/v4.1/2m/61_24/61_24_1_2_2m_v4.1.tar.gz,12056,142854
11,61_24_1_1_2m_v4.1,61_24_1_1,61_24,https://polargeospatialcenter.github.io/stac-browser/#/external/pgc-opendata-dems.s3.us-west-2.amazonaws.com/arcticdem/mosaics/v4.1/2m/61_24/61_24_1_1_2m_v4.1.json,https://data.pgc.umn.edu/elev/dem/setsm/ArcticDEM/mosaic/v4.1/2m/61_24/61_24_1_1_2m_v4.1.tar.gz,14137,130418
12,61_24_2_1_2m_v4.1,61_24_2_1,61_24,https://polargeospatialcenter.github.io/stac-browser/#/external/pgc-opendata-dems.s3.us-west-2.amazonaws.com/arcticdem/mosaics/v4.1/2m/61_24/61_24_2_1_2m_v4.1.json,https://data.pgc.umn.edu/elev/dem/setsm/ArcticDEM/mosaic/v4.1/2m/61_24/61_24_2_1_2m_v4.1.tar.gz,18977,114824
13,61_24_2_1_2m_v4.1,61_24_2_1,61_24,https://polargeospatialcenter.github.io/stac-browser/#/external/pgc-opendata-dems.s3.us-west-2.amazonaws.com/arcticdem/mosaics/v4.1/2m/61_24/61_24_2_1_2m_v4.1.json,https://data.pgc.umn.edu/elev/dem/setsm/ArcticDEM/mosaic/v4.1/2m/61_24/61_24_2_1_2m_v4.1.tar.gz,14616,129710
14,60_30_2_1_2m_v4.1,60_30_2_1,60_30,https://polargeospatialcenter.github.io/stac-browser/#/external/pgc-opendata-dems.s3.us-west-2.amazonaws.com/arcticdem/mosaics/v4.1/2m/60_30/60_30_2_1_2m_v4.1.json,https://data.pgc.umn.edu/elev/dem/setsm/ArcticDEM/mosaic/v4.1/2m/60_30/60_30_2_1_2m_v4.1.tar.gz,18646,115387
15,60_30_2_2_2m_v4.1,60_30_2_2,60_30,https://polargeospatialcenter.github.io/stac-browser/#/external/pgc-opendata-dems.s3.us-west-2.amazonaws.com/arcticdem/mosaics/v4.1/2m/60_30/60_30_2_2_2m_v4.1.json,https://data.pgc.umn.edu/elev/dem/setsm/ArcticDEM/mosaic/v4.1/2m/60_30/60_30_2_2_2m_v4.1.tar.gz,14893,130126
16,62_33_1_2_2m_v4.1,62_33_1_2,62_33,https://polargeospatialcenter.github.io/stac-browser/#/external/pgc-opendata-dems.s3.us-west-2.amazonaws.com/arcticdem/mosaics/v4.1/2m/62_33/62_33_1_2_2m_v4.1.json,https://data.pgc.umn.edu/elev/dem/setsm/ArcticDEM/mosaic/v4.1/2m/62_33/62_33_1_2_2m_v4.1.tar.gz,16151,10303
17,58_27_2_1_2m_v4.1,58_27_2_1,58_27,https://polargeospatialcenter.github.io/stac-browser/#/external/pgc-opendata-dems.s3.us-west-2.amazonaws.com/arcticdem/mosaics/v4.1/2m/58_27/58_27_2_1_2m_v4.1.json,https://data.pgc.umn.edu/elev/dem/setsm/ArcticDEM/mosaic/v4.1/2m/58_27/58_27_2_1_2m_v4.1.tar.gz,22990,59838
18,58_27_2_2_2m_v4.1,58_27_2_2,58_27,https://polargeospatialcenter.github.io/stac-browser/#/external/pgc-opendata-dems.s3.us-west-2.amazonaws.com/arcticdem/mosaics/v4.1/2m/58_27/58_27_2_2_2m_v4.1.json,https://data.pgc.umn.edu/elev/dem/setsm/ArcticDEM/mosaic/v4.1/2m/58_27/58_27_2_2_2m_v4.1.tar.gz,25188,58886
19,58_27_2_2_2m_v4.1,58_27_2_2,58_27,https://polargeospatialcenter.github.io/stac-browser/#/external/pgc-opendata-dems.s3.us-west-2.amazonaws.com/arcticdem/mosaics/v4.1/2m/58_27/58_27_2_2_2m_v4.1.json,https://data.pgc.umn.edu/elev/dem/setsm/ArcticDEM/mosaic/v4.1/2m/58_27/58_27_2_2_2m_v4.1.tar.gz,25141,58953
20,58_27_1_1_2m_v4.1,58_27_1_1,58_27,https://polargeospatialcenter.github.io/stac-browser/#/external/pgc-opendata-dems.s3.us-west-2.amazonaws.com/arcticdem/mosaics/v4.1/2m/58_27/58_27_1_1_2m_v4.1.json,https://data.pgc.umn.edu/elev/dem/setsm/ArcticDEM/mosaic/v4.1/2m/58_27/58_27_1_1_2m_v4.1.tar.gz,24797,59249
21,62_21_1_1_2m_v4.1,62_21_1_1,62_21,https://polargeospatialcenter.github.io/stac-browser/#/external/pgc-opendata-dems.s3.us-west-2.amazonaws.com/arcticdem/mosaics/v4.1/2m/62_21/62_21_1_1_2m_v4.1.json,https://data.pgc.umn.edu/elev/dem/setsm/ArcticDEM/mosaic/v4.1/2m/62_21/62_21_1_1_2m_v4.1.tar.gz,14664,130195
22,62_21_1_2_2m_v4.1,62_21_1_2,62_21,https://polargeospatialcenter.github.io/stac-browser/#/external/pgc-opendata-dems.s3.us-west-2.amazonaws.com/arcticdem/mosaics/v4.1/2m/62_21/62_21_1_2_2m_v4.1.json,https://data.pgc.umn.edu/elev/dem/setsm/ArcticDEM/mosaic/v4.1/2m/62_21/62_21_1_2_2m_v4.1.tar.gz,14615,129959
23,62_21_1_2_2m_v4.1,62_21_1_2,62_21,https://polargeospatialcenter.github.io/stac-browser/#/external/pgc-opendata-dems.s3.us-west-2.amazonaws.com/arcticdem/mosaics/v4.1/2m/62_21/62_21_1_2_2m_v4.1.json,https://data.pgc.umn.edu/elev/dem/setsm/ArcticDEM/mosaic/v4.1/2m/62_21/62_21_1_2_2m_v4.1.tar.gz,14890,129969
24,62_41_1_1_2m_v4.1,62_41_1_1,62_41,https://polargeospatialcenter.github.io/stac-browser/#/external/pgc-opendata-dems.s3.us-west-2.amazonaws.com/arcticdem/mosaics/v4.1/2m/62_41/62_41_1_1_2m_v4.1.json,https://data.pgc.umn.edu/elev/dem/setsm/ArcticDEM/mosaic/v4.1/2m/62_41/62_41_1_1_2m_v4.1.tar.gz,13720,104517
25,62_22_1_2_2m_v4.1,62_22_1_2,62_22,https://polargeospatialcenter.github.io/stac-browser/#/external/pgc-opendata-dems.s3.us-west-2.amazonaws.com/arcticdem/mosaics/v4.1/2m/62_22/62_22_1_2_2m_v4.1.json,https://data.pgc.umn.edu/elev/dem/setsm/ArcticDEM/mosaic/v4.1/2m/62_22/62_22_1_2_2m_v4.1.tar.gz,77,70453
26,62_22_1_2_2m_v4.1,62_22_1_2,62_22,https://polargeospatialcenter.github.io/stac-browser/#/external/pgc-opendata-dems.s3.us-west-2.amazonaws.com/arcticdem/mosaics/v4.1/2m/62_22/62_22_1_2_2m_v4.1.json,https://data.pgc.umn.edu/elev/dem/setsm/ArcticDEM/mosaic/v4.1/2m/62_22/62_22_1_2_2m_v4.1.tar.gz,78,70454
27,62_22_1_2_2m_v4.1,62_22_1_2,62_22,https://polargeospatialcenter.github.io/stac-browser/#/external/pgc-opendata-dems.s3.us-west-2.amazonaws.com/arcticdem/mosaics/v4.1/2m/62_22/62_22_1_2_2m_v4.1.json,https://data.pgc.umn.edu/elev/dem/setsm/ArcticDEM/mosaic/v4.1/2m/62_22/62_22_1_2_2m_v4.1.tar.gz,79,70467
28,62_22_2_2_2m_v4.1,62_22_2_2,62_22,https://polargeospatialcenter.github.io/stac-browser/#/external/pgc-opendata-dems.s3.us-west-2.amazonaws.com/arcticdem/mosaics/v4.1/2m/62_22/62_22_2_2_2m_v4.1.json,https://data.pgc.umn.edu/elev/dem/setsm/ArcticDEM/mosaic/v4.1/2m/62_22/62_22_2_2_2m_v4.1.tar.gz,16175,90728
29,62_22_2_2_2m_v4.1,62_22_2_2,62_22,https://polargeospatialcenter.github.io/stac-browser/#/external/pgc-opendata-dems.s3.us-west-2.amazonaws.com/arcticdem/mosaics/v4.1/2m/62_22/62_22_2_2_2m_v4.1.json,https://data.pgc.umn.edu/elev/dem/setsm/ArcticDEM/mosaic/v4.1/2m/62_22/62_22_2_2_2m_v4.1.tar.gz,16176,90729
30,62_22_2_2_2m_v4.1,62_22_2_2,62_22,https://polargeospatialcenter.github.io/stac-browser/#/external/pgc-opendata-dems.s3.us-west-2.amazonaws.com/arcticdem/mosaics/v4.1/2m/62_22/62_22_2_2_2m_v4.1.json,https://data.pgc.umn.edu/elev/dem/setsm/ArcticDEM/mosaic/v4.1/2m/62_22/62_22_2_2_2m_v4.1.tar.gz,19031,114741
31,62_22_2_2_2m_v4.1,62_22_2_2,62_22,https://polargeospatialcenter.github.io/stac-browser/#/external/pgc-opendata-dems.s3.us-west-2.amazonaws.com/arcticdem/mosaics/v4.1/2m/62_22/62_22_2_2_2m_v4.1.json,https://data.pgc.umn.edu/elev/dem/setsm/ArcticDEM/mosaic/v4.1/2m/62_22/62_22_2_2_2m_v4.1.tar.gz,19032,114787
32,59_47_2_1_2m_v4.1,59_47_2_1,59_47,https://polargeospatialcenter.github.io/stac-browser/#/external/pgc-opendata-dems.s3.us-west-2.amazonaws.com/arcticdem/mosaics/v4.1/2m/59_47/59_47_2_1_2m_v4.1.json,https://data.pgc.umn.edu/elev/dem/setsm/ArcticDEM/mosaic/v4.1/2m/59_47/59_47_2_1_2m_v4.1.tar.gz,12878,104638
33,59_47_1_2_2m_v4.1,59_47_1_2,59_47,https://polargeospatialcenter.github.io/stac-browser/#/external/pgc-opendata-dems.s3.us-west-2.amazonaws.com/arcticdem/mosaics/v4.1/2m/59_47/59_47_1_2_2m_v4.1.json,https://data.pgc.umn.edu/elev/dem/setsm/ArcticDEM/mosaic/v4.1/2m/59_47/59_47_1_2_2m_v4.1.tar.gz,14377,103867
34,59_47_2_2_2m_v4.1,59_47_2_2,59_47,https://polargeospatialcenter.github.io/stac-browser/#/external/pgc-opendata-dems.s3.us-west-2.amazonaws.com/arcticdem/mosaics/v4.1/2m/59_47/59_47_2_2_2m_v4.1.json,https://data.pgc.umn.edu/elev/dem/setsm/ArcticDEM/mosaic/v4.1/2m/59_47/59_47_2_2_2m_v4.1.tar.gz,12943,104608
35,59_47_1_1_2m_v4.1,59_47_1_1,59_47,https://polargeospatialcenter.github.io/stac-browser/#/external/pgc-opendata-dems.s3.us-west-2.amazonaws.com/arcticdem/mosaics/v4.1/2m/59_47/59_47_1_1_2m_v4.1.json,https://data.pgc.umn.edu/elev/dem/setsm/ArcticDEM/mosaic/v4.1/2m/59_47/59_47_1_1_2m_v4.1.tar.gz,12868,104635
36,59_47_1_1_2m_v4.1,59_47_1_1,59_47,https://polargeospatialcenter.github.io/stac-browser/#/external/pgc-opendata-dems.s3.us-west-2.amazonaws.com/arcticdem/mosaics/v4.1/2m/59_47/59_47_1_1_2m_v4.1.json,https://data.pgc.umn.edu/elev/dem/setsm/ArcticDEM/mosaic/v4.1/2m/59_47/59_47_1_1_2m_v4.1.tar.gz,12878,104638
37,59_47_1_1_2m_v4.1,59_47_1_1,59_47,https://polargeospatialcenter.github.io/stac-browser/#/external/pgc-opendata-dems.s3.us-west-2.amazonaws.com/arcticdem/mosaics/v4.1/2m/59_47/59_47_1_1_2m_v4.1.json,https://data.pgc.umn.edu/elev/dem/setsm/ArcticDEM/mosaic/v4.1/2m/59_47/59_47_1_1_2m_v4.1.tar.gz,12891,104642
38,59_24_2_2_2m_v4.1,59_24_2_2,59_24,https://polargeospatialcenter.github.io/stac-browser/#/external/pgc-opendata-dems.s3.us-west-2.amazonaws.com/arcticdem/mosaics/v4.1/2m/59_24/59_24_2_2_2m_v4.1.json,https://data.pgc.umn.edu/elev/dem/setsm/ArcticDEM/mosaic/v4.1/2m/59_24/59_24_2_2_2m_v4.1.tar.gz,16765,76707
39,61_30_2_2_2m_v4.1,61_30_2_2,61_30,https://polargeospatialcenter.github.io/stac-browser/#/external/pgc-opendata-dems.s3.us-west-2.amazonaws.com/arcticdem/mosaics/v4.1/2m/61_30/61_30_2_2_2m_v4.1.json,https://data.pgc.umn.edu/elev/dem/setsm/ArcticDEM/mosaic/v4.1/2m/61_30/61_30_2_2_2m_v4.1.tar.gz,19143,127782
40,62_34_1_2_2m_v4.1,62_34_1_2,62_34,https://polargeospatialcenter.github.io/stac-browser/#/external/pgc-opendata-dems.s3.us-west-2.amazonaws.com/arcticdem/mosaics/v4.1/2m/62_34/62_34_1_2_2m_v4.1.json,https://data.pgc.umn.edu/elev/dem/setsm/ArcticDEM/mosaic/v4.1/2m/62_34/62_34_1_2_2m_v4.1.tar.gz,13864,104093
41,62_34_1_2_2m_v4.1,62_34_1_2,62_34,https://polargeospatialcenter.github.io/stac-browser/#/external/pgc-opendata-dems.s3.us-west-2.amazonaws.com/arcticdem/mosaics/v4.1/2m/62_34/62_34_1_2_2m_v4.1.json,https://data.pgc.umn.edu/elev/dem/setsm/ArcticDEM/mosaic/v4.1/2m/62_34/62_34_1_2_2m_v4.1.tar.gz,13905,104393
42,59_46_1_1_2m_v4.1,59_46_1_1,59_46,https://polargeospatialcenter.github.io/stac-browser/#/external/pgc-opendata-dems.s3.us-west-2.amazonaws.com/arcticdem/mosaics/v4.1/2m/59_46/59_46_1_1_2m_v4.1.json,https://data.pgc.umn.edu/elev/dem/setsm/ArcticDEM/mosaic/v4.1/2m/59_46/59_46_1_1_2m_v4.1.tar.gz,15516,129661
43,59_46_2_2_2m_v4.1,59_46_2_2,59_46,https://polargeospatialcenter.github.io/stac-browser/#/external/pgc-opendata-dems.s3.us-west-2.amazonaws.com/arcticdem/mosaics/v4.1/2m/59_46/59_46_2_2_2m_v4.1.json,https://data.pgc.umn.edu/elev/dem/setsm/ArcticDEM/mosaic/v4.1/2m/59_46/59_46_2_2_2m_v4.1.tar.gz,22824,23151
44,59_46_2_2_2m_v4.1,59_46_2_2,59_46,https://polargeospatialcenter.github.io/stac-browser/#/external/pgc-opendata-dems.s3.us-west-2.amazonaws.com/arcticdem/mosaics/v4.1/2m/59_46/59_46_2_2_2m_v4.1.json,https://data.pgc.umn.edu/elev/dem/setsm/ArcticDEM/mosaic/v4.1/2m/59_46/59_46_2_2_2m_v4.1.tar.gz,15944,129608
45,59_46_2_2_2m_v4.1,59_46_2_2,59_46,https://polargeospatialcenter.github.io/stac-browser/#/external/pgc-opendata-dems.s3.us-west-2.amazonaws.com/arcticdem/mosaics/v4.1/2m/59_46/59_46_2_2_2m_v4.1.json,https://data.pgc.umn.edu/elev/dem/setsm/ArcticDEM/mosaic/v4.1/2m/59_46/59_46_2_2_2m_v4.1.tar.gz,11689,143137
46,59_46_2_2_2m_v4.1,59_46_2_2,59_46,https://polargeospatialcenter.github.io/stac-browser/#/external/pgc-opendata-dems.s3.us-west-2.amazonaws.com/arcticdem/mosaics/v4.1/2m/59_46/59_46_2_2_2m_v4.1.json,https://data.pgc.umn.edu/elev/dem/setsm/ArcticDEM/mosaic/v4.1/2m/59_46/59_46_2_2_2m_v4.1.tar.gz,10366,153854
47,59_46_1_2_2m_v4.1,59_46_1_2,59_46,https://polargeospatialcenter.github.io/stac-browser/#/external/pgc-opendata-dems.s3.us-west-2.amazonaws.com/arcticdem/mosaics/v4.1/2m/59_46/59_46_1_2_2m_v4.1.json,https://data.pgc.umn.edu/elev/dem/setsm/ArcticDEM/mosaic/v4.1/2m/59_46/59_46_1_2_2m_v4.1.tar.gz,13996,104146
48,59_46_1_2_2m_v4.1,59_46_1_2,59_46,https://polargeospatialcenter.github.io/stac-browser/#/external/pgc-opendata-dems.s3.us-west-2.amazonaws.com/arcticdem/mosaics/v4.1/2m/59_46/59_46_1_2_2m_v4.1.json,https://data.pgc.umn.edu/elev/dem/setsm/ArcticDEM/mosaic/v4.1/2m/59_46/59_46_1_2_2m_v4.1.tar.gz,20803,113953
49,59_46_1_2_2m_v4.1,59_46_1_2,59_46,https://polargeospatialcenter.github.io/stac-browser/#/external/pgc-opendata-dems.s3.us-west-2.amazonaws.com/arcticdem/mosaics/v4.1/2m/59_46/59_46_1_2_2m_v4.1.json,https://data.pgc.umn.edu/elev/dem/setsm/ArcticDEM/mosaic/v4.1/2m/59_46/59_46_1_2_2m_v4.1.tar.gz,16015,129614
50,60_37_2_2_2m_v4.1,60_37_2_2,60_37,https://polargeospatialcenter.github.io/stac-browser/#/external/pgc-opendata-dems.s3.us-west-2.amazonaws.com/arcticdem/mosaics/v4.1/2m/60_37/60_37_2_2_2m_v4.1.json,https://data.pgc.umn.edu/elev/dem/setsm/ArcticDEM/mosaic/v4.1/2m/60_37/60_37_2_2_2m_v4.1.tar.gz,17548,127337
51,60_37_2_1_2m_v4.1,60_37_2_1,60_37,https://polargeospatialcenter.github.io/stac-browser/#/external/pgc-opendata-dems.s3.us-west-2.amazonaws.com/arcticdem/mosaics/v4.1/2m/60_37/60_37_2_1_2m_v4.1.json,https://data.pgc.umn.edu/elev/dem/setsm/ArcticDEM/mosaic/v4.1/2m/60_37/60_37_2_1_2m_v4.1.tar.gz,21289,113778
52,60_37_2_1_2m_v4.1,60_37_2_1,60_37,https://polargeospatialcenter.github.io/stac-browser/#/external/pgc-opendata-dems.s3.us-west-2.amazonaws.com/arcticdem/mosaics/v4.1/2m/60_37/60_37_2_1_2m_v4.1.json,https://data.pgc.umn.edu/elev/dem/setsm/ArcticDEM/mosaic/v4.1/2m/60_37/60_37_2_1_2m_v4.1.tar.gz,18637,115000
53,60_37_2_1_2m_v4.1,60_37_2_1,60_37,https://polargeospatialcenter.github.io/stac-browser/#/external/pgc-opendata-dems.s3.us-west-2.amazonaws.com/arcticdem/mosaics/v4.1/2m/60_37/60_37_2_1_2m_v4.1.json,https://data.pgc.umn.edu/elev/dem/setsm/ArcticDEM/mosaic/v4.1/2m/60_37/60_37_2_1_2m_v4.1.tar.gz,18642,115002
54,60_37_2_1_2m_v4.1,60_37_2_1,60_37,https://polargeospatialcenter.github.io/stac-browser/#/external/pgc-opendata-dems.s3.us-west-2.amazonaws.com/arcticdem/mosaics/v4.1/2m/60_37/60_37_2_1_2m_v4.1.json,https://data.pgc.umn.edu/elev/dem/setsm/ArcticDEM/mosaic/v4.1/2m/60_37/60_37_2_1_2m_v4.1.tar.gz,18640,115049
55,60_37_2_1_2m_v4.1,60_37_2_1,60_37,https://polargeospatialcenter.github.io/stac-browser/#/external/pgc-opendata-dems.s3.us-west-2.amazonaws.com/arcticdem/mosaics/v4.1/2m/60_37/60_37_2_1_2m_v4.1.json,https://data.pgc.umn.edu/elev/dem/setsm/ArcticDEM/mosaic/v4.1/2m/60_37/60_37_2_1_2m_v4.1.tar.gz,18641,115050
56,60_37_2_1_2m_v4.1,60_37_2_1,60_37,https://polargeospatialcenter.github.io/stac-browser/#/external/pgc-opendata-dems.s3.us-west-2.amazonaws.com/arcticdem/mosaics/v4.1/2m/60_37/60_37_2_1_2m_v4.1.json,https://data.pgc.umn.edu/elev/dem/setsm/ArcticDEM/mosaic/v4.1/2m/60_37/60_37_2_1_2m_v4.1.tar.gz,17548,127337
57,60_37_2_1_2m_v4.1,60_37_2_1,60_37,https://polargeospatialcenter.github.io/stac-browser/#/external/pgc-opendata-dems.s3.us-west-2.amazonaws.com/arcticdem/mosaics/v4.1/2m/60_37/60_37_2_1_2m_v4.1.json,https://data.pgc.umn.edu/elev/dem/setsm/ArcticDEM/mosaic/v4.1/2m/60_37/60_37_2_1_2m_v4.1.tar.gz,17553,128650
58,60_37_2_1_2m_v4.1,60_37_2_1,60_37,https://polargeospatialcenter.github.io/stac-browser/#/external/pgc-opendata-dems.s3.us-west-2.amazonaws.com/arcticdem/mosaics/v4.1/2m/60_37/60_37_2_1_2m_v4.1.json,https://data.pgc.umn.edu/elev/dem/setsm/ArcticDEM/mosaic/v4.1/2m/60_37/60_37_2_1_2m_v4.1.tar.gz,17856,128654
59,60_37_2_1_2m_v4.1,60_37_2_1,60_37,https://polargeospatialcenter.github.io/stac-browser/#/external/pgc-opendata-dems.s3.us-west-2.amazonaws.com/arcticdem/mosaics/v4.1/2m/60_37/60_37_2_1_2m_v4.1.json,https://data.pgc.umn.edu/elev/dem/setsm/ArcticDEM/mosaic/v4.1/2m/60_37/60_37_2_1_2m_v4.1.tar.gz,14211,129569
60,60_37_2_1_2m_v4.1,60_37_2_1,60_37,https://polargeospatialcenter.github.io/stac-browser/#/external/pgc-opendata-dems.s3.us-west-2.amazonaws.com/arcticdem/mosaics/v4.1/2m/60_37/60_37_2_1_2m_v4.1.json,https://data.pgc.umn.edu/elev/dem/setsm/ArcticDEM/mosaic/v4.1/2m/60_37/60_37_2_1_2m_v4.1.tar.gz,14210,130419
61,62_20_1_1_2m_v4.1,62_20_1_1,62_20,https://polargeospatialcenter.github.io/stac-browser/#/external/pgc-opendata-dems.s3.us-west-2.amazonaws.com/arcticdem/mosaics/v4.1/2m/62_20/62_20_1_1_2m_v4.1.json,https://data.pgc.umn.edu/elev/dem/setsm/ArcticDEM/mosaic/v4.1/2m/62_20/62_20_1_1_2m_v4.1.tar.gz,22411,23517
62,61_42_2_2_2m_v4.1,61_42_2_2,61_42,https://polargeospatialcenter.github.io/stac-browser/#/external/pgc-opendata-dems.s3.us-west-2.amazonaws.com/arcticdem/mosaics/v4.1/2m/61_42/61_42_2_2_2m_v4.1.json,https://data.pgc.umn.edu/elev/dem/setsm/ArcticDEM/mosaic/v4.1/2m/61_42/61_42_2_2_2m_v4.1.tar.gz,16963,115755
63,60_47_1_1_2m_v4.1,60_47_1_1,60_47,https://polargeospatialcenter.github.io/stac-browser/#/external/pgc-opendata-dems.s3.us-west-2.amazonaws.com/arcticdem/mosaics/v4.1/2m/60_47/60_47_1_1_2m_v4.1.json,https://data.pgc.umn.edu/elev/dem/setsm/ArcticDEM/mosaic/v4.1/2m/60_47/60_47_1_1_2m_v4.1.tar.gz,12890,104641
64,62_25_1_2_2m_v4.1,62_25_1_2,62_25,https://polargeospatialcenter.github.io/stac-browser/#/external/pgc-opendata-dems.s3.us-west-2.amazonaws.com/arcticdem/mosaics/v4.1/2m/62_25/62_25_1_2_2m_v4.1.json,https://data.pgc.umn.edu/elev/dem/setsm/ArcticDEM/mosaic/v4.1/2m/62_25/62_25_1_2_2m_v4.1.tar.gz,14483,130299
65,62_25_1_1_2m_v4.1,62_25_1_1,62_25,https://polargeospatialcenter.github.io/stac-browser/#/external/pgc-opendata-dems.s3.us-west-2.amazonaws.com/arcticdem/mosaics/v4.1/2m/62_25/62_25_1_1_2m_v4.1.json,https://data.pgc.umn.edu/elev/dem/setsm/ArcticDEM/mosaic/v4.1/2m/62_25/62_25_1_1_2m_v4.1.tar.gz,14668,130169
66,59_28_1_1_2m_v4.1,59_28_1_1,59_28,https://polargeospatialcenter.github.io/stac-browser/#/external/pgc-opendata-dems.s3.us-west-2.amazonaws.com/arcticdem/mosaics/v4.1/2m/59_28/59_28_1_1_2m_v4.1.json,https://data.pgc.umn.edu/elev/dem/setsm/ArcticDEM/mosaic/v4.1/2m/59_28/59_28_1_1_2m_v4.1.tar.gz,17473,75850
67,59_28_1_1_2m_v4.1,59_28_1_1,59_28,https://polargeospatialcenter.github.io/stac-browser/#/external/pgc-opendata-dems.s3.us-west-2.amazonaws.com/arcticdem/mosaics/v4.1/2m/59_28/59_28_1_1_2m_v4.1.json,https://data.pgc.umn.edu/elev/dem/setsm/ArcticDEM/mosaic/v4.1/2m/59_28/59_28_1_1_2m_v4.1.tar.gz,14071,130465
68,59_28_1_1_2m_v4.1,59_28_1_1,59_28,https://polargeospatialcenter.github.io/stac-browser/#/external/pgc-opendata-dems.s3.us-west-2.amazonaws.com/arcticdem/mosaics/v4.1/2m/59_28/59_28_1_1_2m_v4.1.json,https://data.pgc.umn.edu/elev/dem/setsm/ArcticDEM/mosaic/v4.1/2m/59_28/59_28_1_1_2m_v4.1.tar.gz,13223,142961
69,61_22_2_2_2m_v4.1,61_22_2_2,61_22,https://polargeospatialcenter.github.io/stac-browser/#/external/pgc-opendata-dems.s3.us-west-2.amazonaws.com/arcticdem/mosaics/v4.1/2m/61_22/61_22_2_2_2m_v4.1.json,https://data.pgc.umn.edu/elev/dem/setsm/ArcticDEM/mosaic/v4.1/2m/61_22/61_22_2_2_2m_v4.1.tar.gz,16497,90625
70,61_22_2_2_2m_v4.1,61_22_2_2,61_22,https://polargeospatialcenter.github.io/stac-browser/#/external/pgc-opendata-dems.s3.us-west-2.amazonaws.com/arcticdem/mosaics/v4.1/2m/61_22/61_22_2_2_2m_v4.1.json,https://data.pgc.umn.edu/elev/dem/setsm/ArcticDEM/mosaic/v4.1/2m/61_22/61_22_2_2_2m_v4.1.tar.gz,16372,90645
71,61_22_2_2_2m_v4.1,61_22_2_2,61_22,https://polargeospatialcenter.github.io/stac-browser/#/external/pgc-opendata-dems.s3.us-west-2.amazonaws.com/arcticdem/mosaics/v4.1/2m/61_22/61_22_2_2_2m_v4.1.json,https://data.pgc.umn.edu/elev/dem/setsm/ArcticDEM/mosaic/v4.1/2m/61_22/61_22_2_2_2m_v4.1.tar.gz,16432,90650
72,61_22_1_1_2m_v4.1,61_22_1_1,61_22,https://polargeospatialcenter.github.io/stac-browser/#/external/pgc-opendata-dems.s3.us-west-2.amazonaws.com/arcticdem/mosaics/v4.1/2m/61_22/61_22_1_1_2m_v4.1.json,https://data.pgc.umn.edu/elev/dem/setsm/ArcticDEM/mosaic/v4.1/2m/61_22/61_22_1_1_2m_v4.1.tar.gz,28624,56789
73,61_22_1_1_2m_v4.1,61_22_1_1,61_22,https://polargeospatialcenter.github.io/stac-browser/#/external/pgc-opendata-dems.s3.us-west-2.amazonaws.com/arcticdem/mosaics/v4.1/2m/61_22/61_22_1_1_2m_v4.1.json,https://data.pgc.umn.edu/elev/dem/setsm/ArcticDEM/mosaic/v4.1/2m/61_22/61_22_1_1_2m_v4.1.tar.gz,15541,90968
74,61_22_1_1_2m_v4.1,61_22_1_1,61_22,https://polargeospatialcenter.github.io/stac-browser/#/external/pgc-opendata-dems.s3.us-west-2.amazonaws.com/arcticdem/mosaics/v4.1/2m/61_22/61_22_1_1_2m_v4.1.json,https://data.pgc.umn.edu/elev/dem/setsm/ArcticDEM/mosaic/v4.1/2m/61_22/61_22_1_1_2m_v4.1.tar.gz,13712,130436
75,61_22_1_2_2m_v4.1,61_22_1_2,61_22,https://polargeospatialcenter.github.io/stac-browser/#/external/pgc-opendata-dems.s3.us-west-2.amazonaws.com/arcticdem/mosaics/v4.1/2m/61_22/61_22_1_2_2m_v4.1.json,https://data.pgc.umn.edu/elev/dem/setsm/ArcticDEM/mosaic/v4.1/2m/61_22/61_22_1_2_2m_v4.1.tar.gz,14006,130288
76,61_22_1_2_2m_v4.1,61_22_1_2,61_22,https://polargeospatialcenter.github.io/stac-browser/#/external/pgc-opendata-dems.s3.us-west-2.amazonaws.com/arcticdem/mosaics/v4.1/2m/61_22/61_22_1_2_2m_v4.1.json,https://data.pgc.umn.edu/elev/dem/setsm/ArcticDEM/mosaic/v4.1/2m/61_22/61_22_1_2_2m_v4.1.tar.gz,12016,143065
77,61_22_2_1_2m_v4.1,61_22_2_1,61_22,https://polargeospatialcenter.github.io/stac-browser/#/external/pgc-opendata-dems.s3.us-west-2.amazonaws.com/arcticdem/mosaics/v4.1/2m/61_22/61_22_2_1_2m_v4.1.json,https://data.pgc.umn.edu/elev/dem/setsm/ArcticDEM/mosaic/v4.1/2m/61_22/61_22_2_1_2m_v4.1.tar.gz,16202,76963
78,61_22_2_1_2m_v4.1,61_22_2_1,61_22,https://polargeospatialcenter.github.io/stac-browser/#/external/pgc-opendata-dems.s3.us-west-2.amazonaws.com/arcticdem/mosaics/v4.1/2m/61_22/61_22_2_1_2m_v4.1.json,https://data.pgc.umn.edu/elev/dem/setsm/ArcticDEM/mosaic/v4.1/2m/61_22/61_22_2_1_2m_v4.1.tar.gz,15732,77103
79,61_22_2_1_2m_v4.1,61_22_2_1,61_22,https://polargeospatialcenter.github.io/stac-browser/#/external/pgc-opendata-dems.s3.us-west-2.amazonaws.com/arcticdem/mosaics/v4.1/2m/61_22/61_22_2_1_2m_v4.1.json,https://data.pgc.umn.edu/elev/dem/setsm/ArcticDEM/mosaic/v4.1/2m/61_22/61_22_2_1_2m_v4.1.tar.gz,14160,78504
80,61_22_2_1_2m_v4.1,61_22_2_1,61_22,https://polargeospatialcenter.github.io/stac-browser/#/external/pgc-opendata-dems.s3.us-west-2.amazonaws.com/arcticdem/mosaics/v4.1/2m/61_22/61_22_2_1_2m_v4.1.json,https://data.pgc.umn.edu/elev/dem/setsm/ArcticDEM/mosaic/v4.1/2m/61_22/61_22_2_1_2m_v4.1.tar.gz,15975,116059
81,61_22_2_1_2m_v4.1,61_22_2_1,61_22,https://polargeospatialcenter.github.io/stac-browser/#/external/pgc-opendata-dems.s3.us-west-2.amazonaws.com/arcticdem/mosaics/v4.1/2m/61_22/61_22_2_1_2m_v4.1.json,https://data.pgc.umn.edu/elev/dem/setsm/ArcticDEM/mosaic/v4.1/2m/61_22/61_22_2_1_2m_v4.1.tar.gz,15670,116534
82,61_22_2_1_2m_v4.1,61_22_2_1,61_22,https://polargeospatialcenter.github.io/stac-browser/#/external/pgc-opendata-dems.s3.us-west-2.amazonaws.com/arcticdem/mosaics/v4.1/2m/61_22/61_22_2_1_2m_v4.1.json,https://data.pgc.umn.edu/elev/dem/setsm/ArcticDEM/mosaic/v4.1/2m/61_22/61_22_2_1_2m_v4.1.tar.gz,14196,130207
83,62_39_1_1_2m_v4.1,62_39_1_1,62_39,https://polargeospatialcenter.github.io/stac-browser/#/external/pgc-opendata-dems.s3.us-west-2.amazonaws.com/arcticdem/mosaics/v4.1/2m/62_39/62_39_1_1_2m_v4.1.json,https://data.pgc.umn.edu/elev/dem/setsm/ArcticDEM/mosaic/v4.1/2m/62_39/62_39_1_1_2m_v4.1.tar.gz,14287,130391
84,60_23_2_1_2m_v4.1,60_23_2_1,60_23,https://polargeospatialcenter.github.io/stac-browser/#/external/pgc-opendata-dems.s3.us-west-2.amazonaws.com/arcticdem/mosaics/v4.1/2m/60_23/60_23_2_1_2m_v4.1.json,https://data.pgc.umn.edu/elev/dem/setsm/ArcticDEM/mosaic/v4.1/2m/60_23/60_23_2_1_2m_v4.1.tar.gz,28600,40016
85,60_23_2_1_2m_v4.1,60_23_2_1,60_23,https://polargeospatialcenter.github.io/stac-browser/#/external/pgc-opendata-dems.s3.us-west-2.amazonaws.com/arcticdem/mosaics/v4.1/2m/60_23/60_23_2_1_2m_v4.1.json,https://data.pgc.umn.edu/elev/dem/setsm/ArcticDEM/mosaic/v4.1/2m/60_23/60_23_2_1_2m_v4.1.tar.gz,22467,73947
86,60_23_2_1_2m_v4.1,60_23_2_1,60_23,https://polargeospatialcenter.github.io/stac-browser/#/external/pgc-opendata-dems.s3.us-west-2.amazonaws.com/arcticdem/mosaics/v4.1/2m/60_23/60_23_2_1_2m_v4.1.json,https://data.pgc.umn.edu/elev/dem/setsm/ArcticDEM/mosaic/v4.1/2m/60_23/60_23_2_1_2m_v4.1.tar.gz,14552,129903
87,60_23_2_1_2m_v4.1,60_23_2_1,60_23,https://polargeospatialcenter.github.io/stac-browser/#/external/pgc-opendata-dems.s3.us-west-2.amazonaws.com/arcticdem/mosaics/v4.1/2m/60_23/60_23_2_1_2m_v4.1.json,https://data.pgc.umn.edu/elev/dem/setsm/ArcticDEM/mosaic/v4.1/2m/60_23/60_23_2_1_2m_v4.1.tar.gz,14557,129905
88,60_23_2_2_2m_v4.1,60_23_2_2,60_23,https://polargeospatialcenter.github.io/stac-browser/#/external/pgc-opendata-dems.s3.us-west-2.amazonaws.com/arcticdem/mosaics/v4.1/2m/60_23/60_23_2_2_2m_v4.1.json,https://data.pgc.umn.edu/elev/dem/setsm/ArcticDEM/mosaic/v4.1/2m/60_23/60_23_2_2_2m_v4.1.tar.gz,20001,9091
89,60_23_1_2_2m_v4.1,60_23_1_2,60_23,https://polargeospatialcenter.github.io/stac-browser/#/external/pgc-opendata-dems.s3.us-west-2.amazonaws.com/arcticdem/mosaics/v4.1/2m/60_23/60_23_1_2_2m_v4.1.json,https://data.pgc.umn.edu/elev/dem/setsm/ArcticDEM/mosaic/v4.1/2m/60_23/60_23_1_2_2m_v4.1.tar.gz,14553,129783
90,60_23_1_1_2m_v4.1,60_23_1_1,60_23,https://polargeospatialcenter.github.io/stac-browser/#/external/pgc-opendata-dems.s3.us-west-2.amazonaws.com/arcticdem/mosaics/v4.1/2m/60_23/60_23_1_1_2m_v4.1.json,https://data.pgc.umn.edu/elev/dem/setsm/ArcticDEM/mosaic/v4.1/2m/60_23/60_23_1_1_2m_v4.1.tar.gz,14992,142431
91,62_32_1_2_2m_v4.1,62_32_1_2,62_32,https://polargeospatialcenter.github.io/stac-browser/#/external/pgc-opendata-dems.s3.us-west-2.amazonaws.com/arcticdem/mosaics/v4.1/2m/62_32/62_32_1_2_2m_v4.1.json,https://data.pgc.umn.edu/elev/dem/setsm/ArcticDEM/mosaic/v4.1/2m/62_32/62_32_1_2_2m_v4.1.tar.gz,16879,10409
92,61_23_2_1_2m_v4.1,61_23_2_1,61_23,https://polargeospatialcenter.github.io/stac-browser/#/external/pgc-opendata-dems.s3.us-west-2.amazonaws.com/arcticdem/mosaics/v4.1/2m/61_23/61_23_2_1_2m_v4.1.json,https://data.pgc.umn.edu/elev/dem/setsm/ArcticDEM/mosaic/v4.1/2m/61_23/61_23_2_1_2m_v4.1.tar.gz,17065,76594
93,61_23_2_1_2m_v4.1,61_23_2_1,61_23,https://polargeospatialcenter.github.io/stac-browser/#/external/pgc-opendata-dems.s3.us-west-2.amazonaws.com/arcticdem/mosaics/v4.1/2m/61_23/61_23_2_1_2m_v4.1.json,https://data.pgc.umn.edu/elev/dem/setsm/ArcticDEM/mosaic/v4.1/2m/61_23/61_23_2_1_2m_v4.1.tar.gz,15174,129889
94,60_26_1_1_2m_v4.1,60_26_1_1,60_26,https://polargeospatialcenter.github.io/stac-browser/#/external/pgc-opendata-dems.s3.us-west-2.amazonaws.com/arcticdem/mosaics/v4.1/2m/60_26/60_26_1_1_2m_v4.1.json,https://data.pgc.umn.edu/elev/dem/setsm/ArcticDEM/mosaic/v4.1/2m/60_26/60_26_1_1_2m_v4.1.tar.gz,35913,150
95,60_26_1_1_2m_v4.1,60_26_1_1,60_26,https://polargeospatialcenter.github.io/stac-browser/#/external/pgc-opendata-dems.s3.us-west-2.amazonaws.com/arcticdem/mosaics/v4.1/2m/60_26/60_26_1_1_2m_v4.1.json,https://data.pgc.umn.edu/elev/dem/setsm/ArcticDEM/mosaic/v4.1/2m/60_26/60_26_1_1_2m_v4.1.tar.gz,10792,153885
96,60_26_1_2_2m_v4.1,60_26_1_2,60_26,https://polargeospatialcenter.github.io/stac-browser/#/external/pgc-opendata-dems.s3.us-west-2.amazonaws.com/arcticdem/mosaics/v4.1/2m/60_26/60_26_1_2_2m_v4.1.json,https://data.pgc.umn.edu/elev/dem/setsm/ArcticDEM/mosaic/v4.1/2m/60_26/60_26_1_2_2m_v4.1.tar.gz,10792,153885
97,61_38_2_2_2m_v4.1,61_38_2_2,61_38,https://polargeospatialcenter.github.io/stac-browser/#/external/pgc-opendata-dems.s3.us-west-2.amazonaws.com/arcticdem/mosaics/v4.1/2m/61_38/61_38_2_2_2m_v4.1.json,https://data.pgc.umn.edu/elev/dem/setsm/ArcticDEM/mosaic/v4.1/2m/61_38/61_38_2_2_2m_v4.1.tar.gz,20922,113158
98,61_38_2_2_2m_v4.1,61_38_2_2,61_38,https://polargeospatialcenter.github.io/stac-browser/#/external/pgc-opendata-dems.s3.us-west-2.amazonaws.com/arcticdem/mosaics/v4.1/2m/61_38/61_38_2_2_2m_v4.1.json,https://data.pgc.umn.edu/elev/dem/setsm/ArcticDEM/mosaic/v4.1/2m/61_38/61_38_2_2_2m_v4.1.tar.gz,18551,127687
99,61_35_2_1_2m_v4.1,61_35_2_1,61_35,https://polargeospatialcenter.github.io/stac-browser/#/external/pgc-opendata-dems.s3.us-west-2.amazonaws.com/arcticdem/mosaics/v4.1/2m/61_35/61_35_2_1_2m_v4.1.json,https://data.pgc.umn.edu/elev/dem/setsm/ArcticDEM/mosaic/v4.1/2m/61_35/61_35_2_1_2m_v4.1.tar.gz,16026,116302
100,61_35_2_1_2m_v4.1,61_35_2_1,61_35,https://polargeospatialcenter.github.io/stac-browser/#/external/pgc-opendata-dems.s3.us-west-2.amazonaws.com/arcticdem/mosaics/v4.1/2m/61_35/61_35_2_1_2m_v4.1.json,https://data.pgc.umn.edu/elev/dem/setsm/ArcticDEM/mosaic/v4.1/2m/61_35/61_35_2_1_2m_v4.1.tar.gz,16091,116307
101,61_35_2_1_2m_v4.1,61_35_2_1,61_35,https://polargeospatialcenter.github.io/stac-browser/#/external/pgc-opendata-dems.s3.us-west-2.amazonaws.com/arcticdem/mosaics/v4.1/2m/61_35/61_35_2_1_2m_v4.1.json,https://data.pgc.umn.edu/elev/dem/setsm/ArcticDEM/mosaic/v4.1/2m/61_35/61_35_2_1_2m_v4.1.tar.gz,14386,130115
102,61_35_2_2_2m_v4.1,61_35_2_2,61_35,https://polargeospatialcenter.github.io/stac-browser/#/external/pgc-opendata-dems.s3.us-west-2.amazonaws.com/arcticdem/mosaics/v4.1/2m/61_35/61_35_2_2_2m_v4.1.json,https://data.pgc.umn.edu/elev/dem/setsm/ArcticDEM/mosaic/v4.1/2m/61_35/61_35_2_2_2m_v4.1.tar.gz,18680,115309
103,62_37_1_2_2m_v4.1,62_37_1_2,62_37,https://polargeospatialcenter.github.io/stac-browser/#/external/pgc-opendata-dems.s3.us-west-2.amazonaws.com/arcticdem/mosaics/v4.1/2m/62_37/62_37_1_2_2m_v4.1.json,https://data.pgc.umn.edu/elev/dem/setsm/ArcticDEM/mosaic/v4.1/2m/62_37/62_37_1_2_2m_v4.1.tar.gz,18536,115044
104,60_25_1_1_2m_v4.1,60_25_1_1,60_25,https://polargeospatialcenter.github.io/stac-browser/#/external/pgc-opendata-dems.s3.us-west-2.amazonaws.com/arcticdem/mosaics/v4.1/2m/60_25/60_25_1_1_2m_v4.1.json,https://data.pgc.umn.edu/elev/dem/setsm/ArcticDEM/mosaic/v4.1/2m/60_25/60_25_1_1_2m_v4.1.tar.gz,16375,115974
105,60_25_1_1_2m_v4.1,60_25_1_1,60_25,https://polargeospatialcenter.github.io/stac-browser/#/external/pgc-opendata-dems.s3.us-west-2.amazonaws.com/arcticdem/mosaics/v4.1/2m/60_25/60_25_1_1_2m_v4.1.json,https://data.pgc.umn.edu/elev/dem/setsm/ArcticDEM/mosaic/v4.1/2m/60_25/60_25_1_1_2m_v4.1.tar.gz,14555,129904
106,62_26_1_2_2m_v4.1,62_26_1_2,62_26,https://polargeospatialcenter.github.io/stac-browser/#/external/pgc-opendata-dems.s3.us-west-2.amazonaws.com/arcticdem/mosaics/v4.1/2m/62_26/62_26_1_2_2m_v4.1.json,https://data.pgc.umn.edu/elev/dem/setsm/ArcticDEM/mosaic/v4.1/2m/62_26/62_26_1_2_2m_v4.1.tar.gz,23633,73264
107,62_26_1_2_2m_v4.1,62_26_1_2,62_26,https://polargeospatialcenter.github.io/stac-browser/#/external/pgc-opendata-dems.s3.us-west-2.amazonaws.com/arcticdem/mosaics/v4.1/2m/62_26/62_26_1_2_2m_v4.1.json,https://data.pgc.umn.edu/elev/dem/setsm/ArcticDEM/mosaic/v4.1/2m/62_26/62_26_1_2_2m_v4.1.tar.gz,21461,87999
108,62_23_1_2_2m_v4.1,62_23_1_2,62_23,https://polargeospatialcenter.github.io/stac-browser/#/external/pgc-opendata-dems.s3.us-west-2.amazonaws.com/arcticdem/mosaics/v4.1/2m/62_23/62_23_1_2_2m_v4.1.json,https://data.pgc.umn.edu/elev/dem/setsm/ArcticDEM/mosaic/v4.1/2m/62_23/62_23_1_2_2m_v4.1.tar.gz,19116,114791
109,59_25_2_1_2m_v4.1,59_25_2_1,59_25,https://polargeospatialcenter.github.io/stac-browser/#/external/pgc-opendata-dems.s3.us-west-2.amazonaws.com/arcticdem/mosaics/v4.1/2m/59_25/59_25_2_1_2m_v4.1.json,https://data.pgc.umn.edu/elev/dem/setsm/ArcticDEM/mosaic/v4.1/2m/59_25/59_25_2_1_2m_v4.1.tar.gz,14463,129899
110,61_37_1_2_2m_v4.1,61_37_1_2,61_37,https://polargeospatialcenter.github.io/stac-browser/#/external/pgc-opendata-dems.s3.us-west-2.amazonaws.com/arcticdem/mosaics/v4.1/2m/61_37/61_37_1_2_2m_v4.1.json,https://data.pgc.umn.edu/elev/dem/setsm/ArcticDEM/mosaic/v4.1/2m/61_37/61_37_1_2_2m_v4.1.tar.gz,21286,112694
111,61_37_1_2_2m_v4.1,61_37_1_2,61_37,https://polargeospatialcenter.github.io/stac-browser/#/external/pgc-opendata-dems.s3.us-west-2.amazonaws.com/arcticdem/mosaics/v4.1/2m/61_37/61_37_1_2_2m_v4.1.json,https://data.pgc.umn.edu/elev/dem/setsm/ArcticDEM/mosaic/v4.1/2m/61_37/61_37_1_2_2m_v4.1.tar.gz,17548,127337
112,61_37_1_2_2m_v4.1,61_37_1_2,61_37,https://polargeospatialcenter.github.io/stac-browser/#/external/pgc-opendata-dems.s3.us-west-2.amazonaws.com/arcticdem/mosaics/v4.1/2m/61_37/61_37_1_2_2m_v4.1.json,https://data.pgc.umn.edu/elev/dem/setsm/ArcticDEM/mosaic/v4.1/2m/61_37/61_37_1_2_2m_v4.1.tar.gz,18550,128282
113,61_37_1_2_2m_v4.1,61_37_1_2,61_37,https://polargeospatialcenter.github.io/stac-browser/#/external/pgc-opendata-dems.s3.us-west-2.amazonaws.com/arcticdem/mosaics/v4.1/2m/61_37/61_37_1_2_2m_v4.1.json,https://data.pgc.umn.edu/elev/dem/setsm/ArcticDEM/mosaic/v4.1/2m/61_37/61_37_1_2_2m_v4.1.tar.gz,17621,128651
114,61_37_1_2_2m_v4.1,61_37_1_2,61_37,https://polargeospatialcenter.github.io/stac-browser/#/external/pgc-opendata-dems.s3.us-west-2.amazonaws.com/arcticdem/mosaics/v4.1/2m/61_37/61_37_1_2_2m_v4.1.json,https://data.pgc.umn.edu/elev/dem/setsm/ArcticDEM/mosaic/v4.1/2m/61_37/61_37_1_2_2m_v4.1.tar.gz,17622,128652
115,61_37_1_2_2m_v4.1,61_37_1_2,61_37,https://polargeospatialcenter.github.io/stac-browser/#/external/pgc-opendata-dems.s3.us-west-2.amazonaws.com/arcticdem/mosaics/v4.1/2m/61_37/61_37_1_2_2m_v4.1.json,https://data.pgc.umn.edu/elev/dem/setsm/ArcticDEM/mosaic/v4.1/2m/61_37/61_37_1_2_2m_v4.1.tar.gz,14205,129568
116,61_37_1_2_2m_v4.1,61_37_1_2,61_37,https://polargeospatialcenter.github.io/stac-browser/#/external/pgc-opendata-dems.s3.us-west-2.amazonaws.com/arcticdem/mosaics/v4.1/2m/61_37/61_37_1_2_2m_v4.1.json,https://data.pgc.umn.edu/elev/dem/setsm/ArcticDEM/mosaic/v4.1/2m/61_37/61_37_1_2_2m_v4.1.tar.gz,14874,130219
117,61_37_1_1_2m_v4.1,61_37_1_1,61_37,https://polargeospatialcenter.github.io/stac-browser/#/external/pgc-opendata-dems.s3.us-west-2.amazonaws.com/arcticdem/mosaics/v4.1/2m/61_37/61_37_1_1_2m_v4.1.json,https://data.pgc.umn.edu/elev/dem/setsm/ArcticDEM/mosaic/v4.1/2m/61_37/61_37_1_1_2m_v4.1.tar.gz,21286,112694
118,61_37_1_1_2m_v4.1,61_37_1_1,61_37,https://polargeospatialcenter.github.io/stac-browser/#/external/pgc-opendata-dems.s3.us-west-2.amazonaws.com/arcticdem/mosaics/v4.1/2m/61_37/61_37_1_1_2m_v4.1.json,https://data.pgc.umn.edu/elev/dem/setsm/ArcticDEM/mosaic/v4.1/2m/61_37/61_37_1_1_2m_v4.1.tar.gz,18639,115001
119,61_37_1_1_2m_v4.1,61_37_1_1,61_37,https://polargeospatialcenter.github.io/stac-browser/#/external/pgc-opendata-dems.s3.us-west-2.amazonaws.com/arcticdem/mosaics/v4.1/2m/61_37/61_37_1_1_2m_v4.1.json,https://data.pgc.umn.edu/elev/dem/setsm/ArcticDEM/mosaic/v4.1/2m/61_37/61_37_1_1_2m_v4.1.tar.gz,18657,115051
120,61_37_1_1_2m_v4.1,61_37_1_1,61_37,https://polargeospatialcenter.github.io/stac-browser/#/external/pgc-opendata-dems.s3.us-west-2.amazonaws.com/arcticdem/mosaics/v4.1/2m/61_37/61_37_1_1_2m_v4.1.json,https://data.pgc.umn.edu/elev/dem/setsm/ArcticDEM/mosaic/v4.1/2m/61_37/61_37_1_1_2m_v4.1.tar.gz,17548,127337
121,61_37_1_1_2m_v4.1,61_37_1_1,61_37,https://polargeospatialcenter.github.io/stac-browser/#/external/pgc-opendata-dems.s3.us-west-2.amazonaws.com/arcticdem/mosaics/v4.1/2m/61_37/61_37_1_1_2m_v4.1.json,https://data.pgc.umn.edu/elev/dem/setsm/ArcticDEM/mosaic/v4.1/2m/61_37/61_37_1_1_2m_v4.1.tar.gz,19526,127439
122,61_37_1_1_2m_v4.1,61_37_1_1,61_37,https://polargeospatialcenter.github.io/stac-browser/#/external/pgc-opendata-dems.s3.us-west-2.amazonaws.com/arcticdem/mosaics/v4.1/2m/61_37/61_37_1_1_2m_v4.1.json,https://data.pgc.umn.edu/elev/dem/setsm/ArcticDEM/mosaic/v4.1/2m/61_37/61_37_1_1_2m_v4.1.tar.gz,17553,128650
123,61_37_1_1_2m_v4.1,61_37_1_1,61_37,https://polargeospatialcenter.github.io/stac-browser/#/external/pgc-opendata-dems.s3.us-west-2.amazonaws.com/arcticdem/mosaics/v4.1/2m/61_37/61_37_1_1_2m_v4.1.json,https://data.pgc.umn.edu/elev/dem/setsm/ArcticDEM/mosaic/v4.1/2m/61_37/61_37_1_1_2m_v4.1.tar.gz,17621,128651
124,61_37_1_1_2m_v4.1,61_37_1_1,61_37,https://polargeospatialcenter.github.io/stac-browser/#/external/pgc-opendata-dems.s3.us-west-2.amazonaws.com/arcticdem/mosaics/v4.1/2m/61_37/61_37_1_1_2m_v4.1.json,https://data.pgc.umn.edu/elev/dem/setsm/ArcticDEM/mosaic/v4.1/2m/61_37/61_37_1_1_2m_v4.1.tar.gz,17977,128656
125,61_37_1_1_2m_v4.1,61_37_1_1,61_37,https://polargeospatialcenter.github.io/stac-browser/#/external/pgc-opendata-dems.s3.us-west-2.amazonaws.com/arcticdem/mosaics/v4.1/2m/61_37/61_37_1_1_2m_v4.1.json,https://data.pgc.umn.edu/elev/dem/setsm/ArcticDEM/mosaic/v4.1/2m/61_37/61_37_1_1_2m_v4.1.tar.gz,14205,129568
126,61_37_1_1_2m_v4.1,61_37_1_1,61_37,https://polargeospatialcenter.github.io/stac-browser/#/external/pgc-opendata-dems.s3.us-west-2.amazonaws.com/arcticdem/mosaics/v4.1/2m/61_37/61_37_1_1_2m_v4.1.json,https://data.pgc.umn.edu/elev/dem/setsm/ArcticDEM/mosaic/v4.1/2m/61_37/61_37_1_1_2m_v4.1.tar.gz,14211,129569
127,61_37_2_1_2m_v4.1,61_37_2_1,61_37,https://polargeospatialcenter.github.io/stac-browser/#/external/pgc-opendata-dems.s3.us-west-2.amazonaws.com/arcticdem/mosaics/v4.1/2m/61_37/61_37_2_1_2m_v4.1.json,https://data.pgc.umn.edu/elev/dem/setsm/ArcticDEM/mosaic/v4.1/2m/61_37/61_37_2_1_2m_v4.1.tar.gz,15386,128121
128,61_37_2_1_2m_v4.1,61_37_2_1,61_37,https://polargeospatialcenter.github.io/stac-browser/#/external/pgc-opendata-dems.s3.us-west-2.amazonaws.com/arcticdem/mosaics/v4.1/2m/61_37/61_37_2_1_2m_v4.1.json,https://data.pgc.umn.edu/elev/dem/setsm/ArcticDEM/mosaic/v4.1/2m/61_37/61_37_2_1_2m_v4.1.tar.gz,13414,142452
129,60_22_1_2_2m_v4.1,60_22_1_2,60_22,https://polargeospatialcenter.github.io/stac-browser/#/external/pgc-opendata-dems.s3.us-west-2.amazonaws.com/arcticdem/mosaics/v4.1/2m/60_22/60_22_1_2_2m_v4.1.json,https://data.pgc.umn.edu/elev/dem/setsm/ArcticDEM/mosaic/v4.1/2m/60_22/60_22_1_2_2m_v4.1.tar.gz,14551,129902
130,60_22_2_2_2m_v4.1,60_22_2_2,60_22,https://polargeospatialcenter.github.io/stac-browser/#/external/pgc-opendata-dems.s3.us-west-2.amazonaws.com/arcticdem/mosaics/v4.1/2m/60_22/60_22_2_2_2m_v4.1.json,https://data.pgc.umn.edu/elev/dem/setsm/ArcticDEM/mosaic/v4.1/2m/60_22/60_22_2_2_2m_v4.1.tar.gz,28602,40018
131,60_22_2_2_2m_v4.1,60_22_2_2,60_22,https://polargeospatialcenter.github.io/stac-browser/#/external/pgc-opendata-dems.s3.us-west-2.amazonaws.com/arcticdem/mosaics/v4.1/2m/60_22/60_22_2_2_2m_v4.1.json,https://data.pgc.umn.edu/elev/dem/setsm/ArcticDEM/mosaic/v4.1/2m/60_22/60_22_2_2_2m_v4.1.tar.gz,22469,73948
132,60_22_2_2_2m_v4.1,60_22_2_2,60_22,https://polargeospatialcenter.github.io/stac-browser/#/external/pgc-opendata-dems.s3.us-west-2.amazonaws.com/arcticdem/mosaics/v4.1/2m/60_22/60_22_2_2_2m_v4.1.json,https://data.pgc.umn.edu/elev/dem/setsm/ArcticDEM/mosaic/v4.1/2m/60_22/60_22_2_2_2m_v4.1.tar.gz,14556,130194
133,60_22_2_2_2m_v4.1,60_22_2_2,60_22,https://polargeospatialcenter.github.io/stac-browser/#/external/pgc-opendata-dems.s3.us-west-2.amazonaws.com/arcticdem/mosaics/v4.1/2m/60_22/60_22_2_2_2m_v4.1.json,https://data.pgc.umn.edu/elev/dem/setsm/ArcticDEM/mosaic/v4.1/2m/60_22/60_22_2_2_2m_v4.1.tar.gz,14666,130216
134,60_22_2_2_2m_v4.1,60_22_2_2,60_22,https://polargeospatialcenter.github.io/stac-browser/#/external/pgc-opendata-dems.s3.us-west-2.amazonaws.com/arcticdem/mosaics/v4.1/2m/60_22/60_22_2_2_2m_v4.1.json,https://data.pgc.umn.edu/elev/dem/setsm/ArcticDEM/mosaic/v4.1/2m/60_22/60_22_2_2_2m_v4.1.tar.gz,23760,137277
135,61_21_1_2_2m_v4.1,61_21_1_2,61_21,https://polargeospatialcenter.github.io/stac-browser/#/external/pgc-opendata-dems.s3.us-west-2.amazonaws.com/arcticdem/mosaics/v4.1/2m/61_21/61_21_1_2_2m_v4.1.json,https://data.pgc.umn.edu/elev/dem/setsm/ArcticDEM/mosaic/v4.1/2m/61_21/61_21_1_2_2m_v4.1.tar.gz,22318,74118
136,61_21_2_1_2m_v4.1,61_21_2_1,61_21,https://polargeospatialcenter.github.io/stac-browser/#/external/pgc-opendata-dems.s3.us-west-2.amazonaws.com/arcticdem/mosaics/v4.1/2m/61_21/61_21_2_1_2m_v4.1.json,https://data.pgc.umn.edu/elev/dem/setsm/ArcticDEM/mosaic/v4.1/2m/61_21/61_21_2_1_2m_v4.1.tar.gz,17915,9520
137,61_21_2_1_2m_v4.1,61_21_2_1,61_21,https://polargeospatialcenter.github.io/stac-browser/#/external/pgc-opendata-dems.s3.us-west-2.amazonaws.com/arcticdem/mosaics/v4.1/2m/61_21/61_21_2_1_2m_v4.1.json,https://data.pgc.umn.edu/elev/dem/setsm/ArcticDEM/mosaic/v4.1/2m/61_21/61_21_2_1_2m_v4.1.tar.gz,17914,9912
138,59_26_1_1_2m_v4.1,59_26_1_1,59_26,https://polargeospatialcenter.github.io/stac-browser/#/external/pgc-opendata-dems.s3.us-west-2.amazonaws.com/arcticdem/mosaics/v4.1/2m/59_26/59_26_1_1_2m_v4.1.json,https://data.pgc.umn.edu/elev/dem/setsm/ArcticDEM/mosaic/v4.1/2m/59_26/59_26_1_1_2m_v4.1.tar.gz,23270,60118
139,59_26_1_2_2m_v4.1,59_26_1_2,59_26,https://polargeospatialcenter.github.io/stac-browser/#/external/pgc-opendata-dems.s3.us-west-2.amazonaws.com/arcticdem/mosaics/v4.1/2m/59_26/59_26_1_2_2m_v4.1.json,https://data.pgc.umn.edu/elev/dem/setsm/ArcticDEM/mosaic/v4.1/2m/59_26/59_26_1_2_2m_v4.1.tar.gz,18403,115145
140,59_26_1_2_2m_v4.1,59_26_1_2,59_26,https://polargeospatialcenter.github.io/stac-browser/#/external/pgc-opendata-dems.s3.us-west-2.amazonaws.com/arcticdem/mosaics/v4.1/2m/59_26/59_26_1_2_2m_v4.1.json,https://data.pgc.umn.edu/elev/dem/setsm/ArcticDEM/mosaic/v4.1/2m/59_26/59_26_1_2_2m_v4.1.tar.gz,13222,142752
141,59_26_1_2_2m_v4.1,59_26_1_2,59_26,https://polargeospatialcenter.github.io/stac-browser/#/external/pgc-opendata-dems.s3.us-west-2.amazonaws.com/arcticdem/mosaics/v4.1/2m/59_26/59_26_1_2_2m_v4.1.json,https://data.pgc.umn.edu/elev/dem/setsm/ArcticDEM/mosaic/v4.1/2m/59_26/59_26_1_2_2m_v4.1.tar.gz,12057,143165
142,59_26_1_2_2m_v4.1,59_26_1_2,59_26,https://polargeospatialcenter.github.io/stac-browser/#/external/pgc-opendata-dems.s3.us-west-2.amazonaws.com/arcticdem/mosaics/v4.1/2m/59_26/59_26_1_2_2m_v4.1.json,https://data.pgc.umn.edu/elev/dem/setsm/ArcticDEM/mosaic/v4.1/2m/59_26/59_26_1_2_2m_v4.1.tar.gz,10789,153676
143,59_26_2_2_2m_v4.1,59_26_2_2,59_26,https://polargeospatialcenter.github.io/stac-browser/#/external/pgc-opendata-dems.s3.us-west-2.amazonaws.com/arcticdem/mosaics/v4.1/2m/59_26/59_26_2_2_2m_v4.1.json,https://data.pgc.umn.edu/elev/dem/setsm/ArcticDEM/mosaic/v4.1/2m/59_26/59_26_2_2_2m_v4.1.tar.gz,15620,129749
144,59_26_2_2_2m_v4.1,59_26_2_2,59_26,https://polargeospatialcenter.github.io/stac-browser/#/external/pgc-opendata-dems.s3.us-west-2.amazonaws.com/arcticdem/mosaics/v4.1/2m/59_26/59_26_2_2_2m_v4.1.json,https://data.pgc.umn.edu/elev/dem/setsm/ArcticDEM/mosaic/v4.1/2m/59_26/59_26_2_2_2m_v4.1.tar.gz,15632,129751
145,59_26_2_2_2m_v4.1,59_26_2_2,59_26,https://polargeospatialcenter.github.io/stac-browser/#/external/pgc-opendata-dems.s3.us-west-2.amazonaws.com/arcticdem/mosaics/v4.1/2m/59_26/59_26_2_2_2m_v4.1.json,https://data.pgc.umn.edu/elev/dem/setsm/ArcticDEM/mosaic/v4.1/2m/59_26/59_26_2_2_2m_v4.1.tar.gz,15621,130094
146,62_42_1_2_2m_v4.1,62_42_1_2,62_42,https://polargeospatialcenter.github.io/stac-browser/#/external/pgc-opendata-dems.s3.us-west-2.amazonaws.com/arcticdem/mosaics/v4.1/2m/62_42/62_42_1_2_2m_v4.1.json,https://data.pgc.umn.edu/elev/dem/setsm/ArcticDEM/mosaic/v4.1/2m/62_42/62_42_1_2_2m_v4.1.tar.gz,16963,115755
147,62_42_1_1_2m_v4.1,62_42_1_1,62_42,https://polargeospatialcenter.github.io/stac-browser/#/external/pgc-opendata-dems.s3.us-west-2.amazonaws.com/arcticdem/mosaics/v4.1/2m/62_42/62_42_1_1_2m_v4.1.json,https://data.pgc.umn.edu/elev/dem/setsm/ArcticDEM/mosaic/v4.1/2m/62_42/62_42_1_1_2m_v4.1.tar.gz,10365,154044
148,62_42_1_1_2m_v4.1,62_42_1_1,62_42,https://polargeospatialcenter.github.io/stac-browser/#/external/pgc-opendata-dems.s3.us-west-2.amazonaws.com/arcticdem/mosaics/v4.1/2m/62_42/62_42_1_1_2m_v4.1.json,https://data.pgc.umn.edu/elev/dem/setsm/ArcticDEM/mosaic/v4.1/2m/62_42/62_42_1_1_2m_v4.1.tar.gz,10497,154050
149,61_26_2_2_2m_v4.1,61_26_2_2,61_26,https://polargeospatialcenter.github.io/stac-browser/#/external/pgc-opendata-dems.s3.us-west-2.amazonaws.com/arcticdem/mosaics/v4.1/2m/61_26/61_26_2_2_2m_v4.1.json,https://data.pgc.umn.edu/elev/dem/setsm/ArcticDEM/mosaic/v4.1/2m/61_26/61_26_2_2_2m_v4.1.tar.gz,33863,37245
150,61_26_2_2_2m_v4.1,61_26_2_2,61_26,https://polargeospatialcenter.github.io/stac-browser/#/external/pgc-opendata-dems.s3.us-west-2.amazonaws.com/arcticdem/mosaics/v4.1/2m/61_26/61_26_2_2_2m_v4.1.json,https://data.pgc.umn.edu/elev/dem/setsm/ArcticDEM/mosaic/v4.1/2m/61_26/61_26_2_2_2m_v4.1.tar.gz,23633,73264
151,61_26_2_2_2m_v4.1,61_26_2_2,61_26,https://polargeospatialcenter.github.io/stac-browser/#/external/pgc-opendata-dems.s3.us-west-2.amazonaws.com/arcticdem/mosaics/v4.1/2m/61_26/61_26_2_2_2m_v4.1.json,https://data.pgc.umn.edu/elev/dem/setsm/ArcticDEM/mosaic/v4.1/2m/61_26/61_26_2_2_2m_v4.1.tar.gz,21461,87999
152,61_33_1_2_2m_v4.1,61_33_1_2,61_33,https://polargeospatialcenter.github.io/stac-browser/#/external/pgc-opendata-dems.s3.us-west-2.amazonaws.com/arcticdem/mosaics/v4.1/2m/61_33/61_33_1_2_2m_v4.1.json,https://data.pgc.umn.edu/elev/dem/setsm/ArcticDEM/mosaic/v4.1/2m/61_33/61_33_1_2_2m_v4.1.tar.gz,15973,116104
153,61_33_1_2_2m_v4.1,61_33_1_2,61_33,https://polargeospatialcenter.github.io/stac-browser/#/external/pgc-opendata-dems.s3.us-west-2.amazonaws.com/arcticdem/mosaics/v4.1/2m/61_33/61_33_1_2_2m_v4.1.json,https://data.pgc.umn.edu/elev/dem/setsm/ArcticDEM/mosaic/v4.1/2m/61_33/61_33_1_2_2m_v4.1.tar.gz,15916,116161
154,61_33_1_2_2m_v4.1,61_33_1_2,61_33,https://polargeospatialcenter.github.io/stac-browser/#/external/pgc-opendata-dems.s3.us-west-2.amazonaws.com/arcticdem/mosaics/v4.1/2m/61_33/61_33_1_2_2m_v4.1.json,https://data.pgc.umn.edu/elev/dem/setsm/ArcticDEM/mosaic/v4.1/2m/61_33/61_33_1_2_2m_v4.1.tar.gz,15926,116164
155,61_33_2_1_2m_v4.1,61_33_2_1,61_33,https://polargeospatialcenter.github.io/stac-browser/#/external/pgc-opendata-dems.s3.us-west-2.amazonaws.com/arcticdem/mosaics/v4.1/2m/61_33/61_33_2_1_2m_v4.1.json,https://data.pgc.umn.edu/elev/dem/setsm/ArcticDEM/mosaic/v4.1/2m/61_33/61_33_2_1_2m_v4.1.tar.gz,16737,115810
156,60_28_1_1_2m_v4.1,60_28_1_1,60_28,https://polargeospatialcenter.github.io/stac-browser/#/external/pgc-opendata-dems.s3.us-west-2.amazonaws.com/arcticdem/mosaics/v4.1/2m/60_28/60_28_1_1_2m_v4.1.json,https://data.pgc.umn.edu/elev/dem/setsm/ArcticDEM/mosaic/v4.1/2m/60_28/60_28_1_1_2m_v4.1.tar.gz,16059,116281
157,60_28_2_1_2m_v4.1,60_28_2_1,60_28,https://polargeospatialcenter.github.io/stac-browser/#/external/pgc-opendata-dems.s3.us-west-2.amazonaws.com/arcticdem/mosaics/v4.1/2m/60_28/60_28_2_1_2m_v4.1.json,https://data.pgc.umn.edu/elev/dem/setsm/ArcticDEM/mosaic/v4.1/2m/60_28/60_28_2_1_2m_v4.1.tar.gz,29633,39351
158,60_28_2_2_2m_v4.1,60_28_2_2,60_28,https://polargeospatialcenter.github.io/stac-browser/#/external/pgc-opendata-dems.s3.us-west-2.amazonaws.com/arcticdem/mosaics/v4.1/2m/60_28/60_28_2_2_2m_v4.1.json,https://data.pgc.umn.edu/elev/dem/setsm/ArcticDEM/mosaic/v4.1/2m/60_28/60_28_2_2_2m_v4.1.tar.gz,16060,116303
159,60_43_2_1_2m_v4.1,60_43_2_1,60_43,https://polargeospatialcenter.github.io/stac-browser/#/external/pgc-opendata-dems.s3.us-west-2.amazonaws.com/arcticdem/mosaics/v4.1/2m/60_43/60_43_2_1_2m_v4.1.json,https://data.pgc.umn.edu/elev/dem/setsm/ArcticDEM/mosaic/v4.1/2m/60_43/60_43_2_1_2m_v4.1.tar.gz,31575,2443
160,60_43_2_1_2m_v4.1,60_43_2_1,60_43,https://polargeospatialcenter.github.io/stac-browser/#/external/pgc-opendata-dems.s3.us-west-2.amazonaws.com/arcticdem/mosaics/v4.1/2m/60_43/60_43_2_1_2m_v4.1.json,https://data.pgc.umn.edu/elev/dem/setsm/ArcticDEM/mosaic/v4.1/2m/60_43/60_43_2_1_2m_v4.1.tar.gz,31906,2567
161,60_43_2_1_2m_v4.1,60_43_2_1,60_43,https://polargeospatialcenter.github.io/stac-browser/#/external/pgc-opendata-dems.s3.us-west-2.amazonaws.com/arcticdem/mosaics/v4.1/2m/60_43/60_43_2_1_2m_v4.1.json,https://data.pgc.umn.edu/elev/dem/setsm/ArcticDEM/mosaic/v4.1/2m/60_43/60_43_2_1_2m_v4.1.tar.gz,24037,86417
162,60_43_2_1_2m_v4.1,60_43_2_1,60_43,https://polargeospatialcenter.github.io/stac-browser/#/external/pgc-opendata-dems.s3.us-west-2.amazonaws.com/arcticdem/mosaics/v4.1/2m/60_43/60_43_2_1_2m_v4.1.json,https://data.pgc.umn.edu/elev/dem/setsm/ArcticDEM/mosaic/v4.1/2m/60_43/60_43_2_1_2m_v4.1.tar.gz,10168,153969
163,60_43_2_1_2m_v4.1,60_43_2_1,60_43,https://polargeospatialcenter.github.io/stac-browser/#/external/pgc-opendata-dems.s3.us-west-2.amazonaws.com/arcticdem/mosaics/v4.1/2m/60_43/60_43_2_1_2m_v4.1.json,https://data.pgc.umn.edu/elev/dem/setsm/ArcticDEM/mosaic/v4.1/2m/60_43/60_43_2_1_2m_v4.1.tar.gz,12145,164547
164,62_35_1_1_2m_v4.1,62_35_1_1,62_35,https://polargeospatialcenter.github.io/stac-browser/#/external/pgc-opendata-dems.s3.us-west-2.amazonaws.com/arcticdem/mosaics/v4.1/2m/62_35/62_35_1_1_2m_v4.1.json,https://data.pgc.umn.edu/elev/dem/setsm/ArcticDEM/mosaic/v4.1/2m/62_35/62_35_1_1_2m_v4.1.tar.gz,16064,116305
165,62_35_1_1_2m_v4.1,62_35_1_1,62_35,https://polargeospatialcenter.github.io/stac-browser/#/external/pgc-opendata-dems.s3.us-west-2.amazonaws.com/arcticdem/mosaics/v4.1/2m/62_35/62_35_1_1_2m_v4.1.json,https://data.pgc.umn.edu/elev/dem/setsm/ArcticDEM/mosaic/v4.1/2m/62_35/62_35_1_1_2m_v4.1.tar.gz,16072,116306
166,61_28_1_1_2m_v4.1,61_28_1_1,61_28,https://polargeospatialcenter.github.io/stac-browser/#/external/pgc-opendata-dems.s3.us-west-2.amazonaws.com/arcticdem/mosaics/v4.1/2m/61_28/61_28_1_1_2m_v4.1.json,https://data.pgc.umn.edu/elev/dem/setsm/ArcticDEM/mosaic/v4.1/2m/61_28/61_28_1_1_2m_v4.1.tar.gz,24928,59344
167,61_34_2_2_2m_v4.1,61_34_2_2,61_34,https://polargeospatialcenter.github.io/stac-browser/#/external/pgc-opendata-dems.s3.us-west-2.amazonaws.com/arcticdem/mosaics/v4.1/2m/61_34/61_34_2_2_2m_v4.1.json,https://data.pgc.umn.edu/elev/dem/setsm/ArcticDEM/mosaic/v4.1/2m/61_34/61_34_2_2_2m_v4.1.tar.gz,16061,116304
168,60_46_1_2_2m_v4.1,60_46_1_2,60_46,https://polargeospatialcenter.github.io/stac-browser/#/external/pgc-opendata-dems.s3.us-west-2.amazonaws.com/arcticdem/mosaics/v4.1/2m/60_46/60_46_1_2_2m_v4.1.json,https://data.pgc.umn.edu/elev/dem/setsm/ArcticDEM/mosaic/v4.1/2m/60_46/60_46_1_2_2m_v4.1.tar.gz,15223,25999
169,60_46_1_2_2m_v4.1,60_46_1_2,60_46,https://polargeospatialcenter.github.io/stac-browser/#/external/pgc-opendata-dems.s3.us-west-2.amazonaws.com/arcticdem/mosaics/v4.1/2m/60_46/60_46_1_2_2m_v4.1.json,https://data.pgc.umn.edu/elev/dem/setsm/ArcticDEM/mosaic/v4.1/2m/60_46/60_46_1_2_2m_v4.1.tar.gz,12890,104641
170,60_46_1_1_2m_v4.1,60_46_1_1,60_46,https://polargeospatialcenter.github.io/stac-browser/#/external/pgc-opendata-dems.s3.us-west-2.amazonaws.com/arcticdem/mosaics/v4.1/2m/60_46/60_46_1_1_2m_v4.1.json,https://data.pgc.umn.edu/elev/dem/setsm/ArcticDEM/mosaic/v4.1/2m/60_46/60_46_1_1_2m_v4.1.tar.gz,15788,129594
171,60_38_2_2_2m_v4.1,60_38_2_2,60_38,https://polargeospatialcenter.github.io/stac-browser/#/external/pgc-opendata-dems.s3.us-west-2.amazonaws.com/arcticdem/mosaics/v4.1/2m/60_38/60_38_2_2_2m_v4.1.json,https://data.pgc.umn.edu/elev/dem/setsm/ArcticDEM/mosaic/v4.1/2m/60_38/60_38_2_2_2m_v4.1.tar.gz,14907,129917
172,61_29_1_1_2m_v4.1,61_29_1_1,61_29,https://polargeospatialcenter.github.io/stac-browser/#/external/pgc-opendata-dems.s3.us-west-2.amazonaws.com/arcticdem/mosaics/v4.1/2m/61_29/61_29_1_1_2m_v4.1.json,https://data.pgc.umn.edu/elev/dem/setsm/ArcticDEM/mosaic/v4.1/2m/61_29/61_29_1_1_2m_v4.1.tar.gz,19189,127580
173,60_45_1_2_2m_v4.1,60_45_1_2,60_45,https://polargeospatialcenter.github.io/stac-browser/#/external/pgc-opendata-dems.s3.us-west-2.amazonaws.com/arcticdem/mosaics/v4.1/2m/60_45/60_45_1_2_2m_v4.1.json,https://data.pgc.umn.edu/elev/dem/setsm/ArcticDEM/mosaic/v4.1/2m/60_45/60_45_1_2_2m_v4.1.tar.gz,34425,53574
174,60_45_1_2_2m_v4.1,60_45_1_2,60_45,https://polargeospatialcenter.github.io/stac-browser/#/external/pgc-opendata-dems.s3.us-west-2.amazonaws.com/arcticdem/mosaics/v4.1/2m/60_45/60_45_1_2_2m_v4.1.json,https://data.pgc.umn.edu/elev/dem/setsm/ArcticDEM/mosaic/v4.1/2m/60_45/60_45_1_2_2m_v4.1.tar.gz,15943,129607
175,60_45_1_2_2m_v4.1,60_45_1_2,60_45,https://polargeospatialcenter.github.io/stac-browser/#/external/pgc-opendata-dems.s3.us-west-2.amazonaws.com/arcticdem/mosaics/v4.1/2m/60_45/60_45_1_2_2m_v4.1.json,https://data.pgc.umn.edu/elev/dem/setsm/ArcticDEM/mosaic/v4.1/2m/60_45/60_45_1_2_2m_v4.1.tar.gz,15787,129670
176,60_24_2_2_2m_v4.1,60_24_2_2,60_24,https://polargeospatialcenter.github.io/stac-browser/#/external/pgc-opendata-dems.s3.us-west-2.amazonaws.com/arcticdem/mosaics/v4.1/2m/60_24/60_24_2_2_2m_v4.1.json,https://data.pgc.umn.edu/elev/dem/setsm/ArcticDEM/mosaic/v4.1/2m/60_24/60_24_2_2_2m_v4.1.tar.gz,10756,153718
177,60_24_2_2_2m_v4.1,60_24_2_2,60_24,https://polargeospatialcenter.github.io/stac-browser/#/external/pgc-opendata-dems.s3.us-west-2.amazonaws.com/arcticdem/mosaics/v4.1/2m/60_24/60_24_2_2_2m_v4.1.json,https://data.pgc.umn.edu/elev/dem/setsm/ArcticDEM/mosaic/v4.1/2m/60_24/60_24_2_2_2m_v4.1.tar.gz,10697,153751
178,60_24_1_1_2m_v4.1,60_24_1_1,60_24,https://polargeospatialcenter.github.io/stac-browser/#/external/pgc-opendata-dems.s3.us-west-2.amazonaws.com/arcticdem/mosaics/v4.1/2m/60_24/60_24_1_1_2m_v4.1.json,https://data.pgc.umn.edu/elev/dem/setsm/ArcticDEM/mosaic/v4.1/2m/60_24/60_24_1_1_2m_v4.1.tar.gz,14553,129783
179,60_24_1_1_2m_v4.1,60_24_1_1,60_24,https://polargeospatialcenter.github.io/stac-browser/#/external/pgc-opendata-dems.s3.us-west-2.amazonaws.com/arcticdem/mosaics/v4.1/2m/60_24/60_24_1_1_2m_v4.1.json,https://data.pgc.umn.edu/elev/dem/setsm/ArcticDEM/mosaic/v4.1/2m/60_24/60_24_1_1_2m_v4.1.tar.gz,14554,130077
180,61_25_1_1_2m_v4.1,61_25_1_1,61_25,https://polargeospatialcenter.github.io/stac-browser/#/external/pgc-opendata-dems.s3.us-west-2.amazonaws.com/arcticdem/mosaics/v4.1/2m/61_25/61_25_1_1_2m_v4.1.json,https://data.pgc.umn.edu/elev/dem/setsm/ArcticDEM/mosaic/v4.1/2m/61_25/61_25_1_1_2m_v4.1.tar.gz,20003,8387
181,61_43_2_2_2m_v4.1,61_43_2_2,61_43,https://polargeospatialcenter.github.io/stac-browser/#/external/pgc-opendata-dems.s3.us-west-2.amazonaws.com/arcticdem/mosaics/v4.1/2m/61_43/61_43_2_2_2m_v4.1.json,https://data.pgc.umn.edu/elev/dem/setsm/ArcticDEM/mosaic/v4.1/2m/61_43/61_43_2_2_2m_v4.1.tar.gz,16376,128000
182,61_41_2_2_2m_v4.1,61_41_2_2,61_41,https://polargeospatialcenter.github.io/stac-browser/#/external/pgc-opendata-dems.s3.us-west-2.amazonaws.com/arcticdem/mosaics/v4.1/2m/61_41/61_41_2_2_2m_v4.1.json,https://data.pgc.umn.edu/elev/dem/setsm/ArcticDEM/mosaic/v4.1/2m/61_41/61_41_2_2_2m_v4.1.tar.gz,19977,89191
183,61_41_2_2_2m_v4.1,61_41_2_2,61_41,https://polargeospatialcenter.github.io/stac-browser/#/external/pgc-opendata-dems.s3.us-west-2.amazonaws.com/arcticdem/mosaics/v4.1/2m/61_41/61_41_2_2_2m_v4.1.json,https://data.pgc.umn.edu/elev/dem/setsm/ArcticDEM/mosaic/v4.1/2m/61_41/61_41_2_2_2m_v4.1.tar.gz,18949,127942
184,61_41_2_1_2m_v4.1,61_41_2_1,61_41,https://polargeospatialcenter.github.io/stac-browser/#/external/pgc-opendata-dems.s3.us-west-2.amazonaws.com/arcticdem/mosaics/v4.1/2m/61_41/61_41_2_1_2m_v4.1.json,https://data.pgc.umn.edu/elev/dem/setsm/ArcticDEM/mosaic/v4.1/2m/61_41/61_41_2_1_2m_v4.1.tar.gz,24941,21526
185,56_39_2_1_2m_v4.1,56_39_2_1,56_39,https://polargeospatialcenter.github.io/stac-browser/#/external/pgc-opendata-dems.s3.us-west-2.amazonaws.com/arcticdem/mosaics/v4.1/2m/56_39/56_39_2_1_2m_v4.1.json,https://data.pgc.umn.edu/elev/dem/setsm/ArcticDEM/mosaic/v4.1/2m/56_39/56_39_2_1_2m_v4.1.tar.gz,19960,148993
186,60_29_2_2_2m_v4.1,60_29_2_2,60_29,https://polargeospatialcenter.github.io/stac-browser/#/external/pgc-opendata-dems.s3.us-west-2.amazonaws.com/arcticdem/mosaics/v4.1/2m/60_29/60_29_2_2_2m_v4.1.json,https://data.pgc.umn.edu/elev/dem/setsm/ArcticDEM/mosaic/v4.1/2m/60_29/60_29_2_2_2m_v4.1.tar.gz,15988,116062
187,59_45_1_2_2m_v4.1,59_45_1_2,59_45,https://polargeospatialcenter.github.io/stac-browser/#/external/pgc-opendata-dems.s3.us-west-2.amazonaws.com/arcticdem/mosaics/v4.1/2m/59_45/59_45_1_2_2m_v4.1.json,https://data.pgc.umn.edu/elev/dem/setsm/ArcticDEM/mosaic/v4.1/2m/59_45/59_45_1_2_2m_v4.1.tar.gz,20849,113989
188,59_45_1_2_2m_v4.1,59_45_1_2,59_45,https://polargeospatialcenter.github.io/stac-browser/#/external/pgc-opendata-dems.s3.us-west-2.amazonaws.com/arcticdem/mosaics/v4.1/2m/59_45/59_45_1_2_2m_v4.1.json,https://data.pgc.umn.edu/elev/dem/setsm/ArcticDEM/mosaic/v4.1/2m/59_45/59_45_1_2_2m_v4.1.tar.gz,16553,129257
189,59_45_1_2_2m_v4.1,59_45_1_2,59_45,https://polargeospatialcenter.github.io/stac-browser/#/external/pgc-opendata-dems.s3.us-west-2.amazonaws.com/arcticdem/mosaics/v4.1/2m/59_45/59_45_1_2_2m_v4.1.json,https://data.pgc.umn.edu/elev/dem/setsm/ArcticDEM/mosaic/v4.1/2m/59_45/59_45_1_2_2m_v4.1.tar.gz,16554,129258
190,59_45_1_2_2m_v4.1,59_45_1_2,59_45,https://polargeospatialcenter.github.io/stac-browser/#/external/pgc-opendata-dems.s3.us-west-2.amazonaws.com/arcticdem/mosaics/v4.1/2m/59_45/59_45_1_2_2m_v4.1.json,https://data.pgc.umn.edu/elev/dem/setsm/ArcticDEM/mosaic/v4.1/2m/59_45/59_45_1_2_2m_v4.1.tar.gz,16014,129613
191,59_45_1_2_2m_v4.1,59_45_1_2,59_45,https://polargeospatialcenter.github.io/stac-browser/#/external/pgc-opendata-dems.s3.us-west-2.amazonaws.com/arcticdem/mosaics/v4.1/2m/59_45/59_45_1_2_2m_v4.1.json,https://data.pgc.umn.edu/elev/dem/setsm/ArcticDEM/mosaic/v4.1/2m/59_45/59_45_1_2_2m_v4.1.tar.gz,10422,153855
192,59_45_2_2_2m_v4.1,59_45_2_2,59_45,https://polargeospatialcenter.github.io/stac-browser/#/external/pgc-opendata-dems.s3.us-west-2.amazonaws.com/arcticdem/mosaics/v4.1/2m/59_45/59_45_2_2_2m_v4.1.json,https://data.pgc.umn.edu/elev/dem/setsm/ArcticDEM/mosaic/v4.1/2m/59_45/59_45_2_2_2m_v4.1.tar.gz,16603,129266
193,59_45_1_1_2m_v4.1,59_45_1_1,59_45,https://polargeospatialcenter.github.io/stac-browser/#/external/pgc-opendata-dems.s3.us-west-2.amazonaws.com/arcticdem/mosaics/v4.1/2m/59_45/59_45_1_1_2m_v4.1.json,https://data.pgc.umn.edu/elev/dem/setsm/ArcticDEM/mosaic/v4.1/2m/59_45/59_45_1_1_2m_v4.1.tar.gz,12901,104644
194,62_38_1_2_2m_v4.1,62_38_1_2,62_38,https://polargeospatialcenter.github.io/stac-browser/#/external/pgc-opendata-dems.s3.us-west-2.amazonaws.com/arcticdem/mosaics/v4.1/2m/62_38/62_38_1_2_2m_v4.1.json,https://data.pgc.umn.edu/elev/dem/setsm/ArcticDEM/mosaic/v4.1/2m/62_38/62_38_1_2_2m_v4.1.tar.gz,21916,113162
195,62_38_1_2_2m_v4.1,62_38_1_2,62_38,https://polargeospatialcenter.github.io/stac-browser/#/external/pgc-opendata-dems.s3.us-west-2.amazonaws.com/arcticdem/mosaics/v4.1/2m/62_38/62_38_1_2_2m_v4.1.json,https://data.pgc.umn.edu/elev/dem/setsm/ArcticDEM/mosaic/v4.1/2m/62_38/62_38_1_2_2m_v4.1.tar.gz,21874,113181
196,60_27_1_1_2m_v4.1,60_27_1_1,60_27,https://polargeospatialcenter.github.io/stac-browser/#/external/pgc-opendata-dems.s3.us-west-2.amazonaws.com/arcticdem/mosaics/v4.1/2m/60_27/60_27_1_1_2m_v4.1.json,https://data.pgc.umn.edu/elev/dem/setsm/ArcticDEM/mosaic/v4.1/2m/60_27/60_27_1_1_2m_v4.1.tar.gz,25111,59076
197,60_27_2_2_2m_v4.1,60_27_2_2,60_27,https://polargeospatialcenter.github.io/stac-browser/#/external/pgc-opendata-dems.s3.us-west-2.amazonaws.com/arcticdem/mosaics/v4.1/2m/60_27/60_27_2_2_2m_v4.1.json,https://data.pgc.umn.edu/elev/dem/setsm/ArcticDEM/mosaic/v4.1/2m/60_27/60_27_2_2_2m_v4.1.tar.gz,24686,59143
198,60_27_2_2_2m_v4.1,60_27_2_2,60_27,https://polargeospatialcenter.github.io/stac-browser/#/external/pgc-opendata-dems.s3.us-west-2.amazonaws.com/arcticdem/mosaics/v4.1/2m/60_27/60_27_2_2_2m_v4.1.json,https://data.pgc.umn.edu/elev/dem/setsm/ArcticDEM/mosaic/v4.1/2m/60_27/60_27_2_2_2m_v4.1.tar.gz,25027,59144
199,60_27_2_2_2m_v4.1,60_27_2_2,60_27,https://polargeospatialcenter.github.io/stac-browser/#/external/pgc-opendata-dems.s3.us-west-2.amazonaws.com/arcticdem/mosaics/v4.1/2m/60_27/60_27_2_2_2m_v4.1.json,https://data.pgc.umn.edu/elev/dem/setsm/ArcticDEM/mosaic/v4.1/2m/60_27/60_27_2_2_2m_v4.1.tar.gz,25255,59146
200,60_27_2_2_2m_v4.1,60_27_2_2,60_27,https://polargeospatialcenter.github.io/stac-browser/#/external/pgc-opendata-dems.s3.us-west-2.amazonaws.com/arcticdem/mosaics/v4.1/2m/60_27/60_27_2_2_2m_v4.1.json,https://data.pgc.umn.edu/elev/dem/setsm/ArcticDEM/mosaic/v4.1/2m/60_27/60_27_2_2_2m_v4.1.tar.gz,24727,59412
201,60_27_2_2_2m_v4.1,60_27_2_2,60_27,https://polargeospatialcenter.github.io/stac-browser/#/external/pgc-opendata-dems.s3.us-west-2.amazonaws.com/arcticdem/mosaics/v4.1/2m/60_27/60_27_2_2_2m_v4.1.json,https://data.pgc.umn.edu/elev/dem/setsm/ArcticDEM/mosaic/v4.1/2m/60_27/60_27_2_2_2m_v4.1.tar.gz,14447,151908
202,61_39_2_1_2m_v4.1,61_39_2_1,61_39,https://polargeospatialcenter.github.io/stac-browser/#/external/pgc-opendata-dems.s3.us-west-2.amazonaws.com/arcticdem/mosaics/v4.1/2m/61_39/61_39_2_1_2m_v4.1.json,https://data.pgc.umn.edu/elev/dem/setsm/ArcticDEM/mosaic/v4.1/2m/61_39/61_39_2_1_2m_v4.1.tar.gz,18631,101842
203,61_39_2_1_2m_v4.1,61_39_2_1,61_39,https://polargeospatialcenter.github.io/stac-browser/#/external/pgc-opendata-dems.s3.us-west-2.amazonaws.com/arcticdem/mosaics/v4.1/2m/61_39/61_39_2_1_2m_v4.1.json,https://data.pgc.umn.edu/elev/dem/setsm/ArcticDEM/mosaic/v4.1/2m/61_39/61_39_2_1_2m_v4.1.tar.gz,20922,113158
204,61_36_1_1_2m_v4.1,61_36_1_1,61_36,https://polargeospatialcenter.github.io/stac-browser/#/external/pgc-opendata-dems.s3.us-west-2.amazonaws.com/arcticdem/mosaics/v4.1/2m/61_36/61_36_1_1_2m_v4.1.json,https://data.pgc.umn.edu/elev/dem/setsm/ArcticDEM/mosaic/v4.1/2m/61_36/61_36_1_1_2m_v4.1.tar.gz,14481,129118
205,61_36_2_2_2m_v4.1,61_36_2_2,61_36,https://polargeospatialcenter.github.io/stac-browser/#/external/pgc-opendata-dems.s3.us-west-2.amazonaws.com/arcticdem/mosaics/v4.1/2m/61_36/61_36_2_2_2m_v4.1.json,https://data.pgc.umn.edu/elev/dem/setsm/ArcticDEM/mosaic/v4.1/2m/61_36/61_36_2_2_2m_v4.1.tar.gz,21191,113417
206,61_36_2_2_2m_v4.1,61_36_2_2,61_36,https://polargeospatialcenter.github.io/stac-browser/#/external/pgc-opendata-dems.s3.us-west-2.amazonaws.com/arcticdem/mosaics/v4.1/2m/61_36/61_36_2_2_2m_v4.1.json,https://data.pgc.umn.edu/elev/dem/setsm/ArcticDEM/mosaic/v4.1/2m/61_36/61_36_2_2_2m_v4.1.tar.gz,21492,113934
207,61_36_2_2_2m_v4.1,61_36_2_2,61_36,https://polargeospatialcenter.github.io/stac-browser/#/external/pgc-opendata-dems.s3.us-west-2.amazonaws.com/arcticdem/mosaics/v4.1/2m/61_36/61_36_2_2_2m_v4.1.json,https://data.pgc.umn.edu/elev/dem/setsm/ArcticDEM/mosaic/v4.1/2m/61_36/61_36_2_2_2m_v4.1.tar.gz,18655,115389
208,61_36_2_2_2m_v4.1,61_36_2_2,61_36,https://polargeospatialcenter.github.io/stac-browser/#/external/pgc-opendata-dems.s3.us-west-2.amazonaws.com/arcticdem/mosaics/v4.1/2m/61_36/61_36_2_2_2m_v4.1.json,https://data.pgc.umn.edu/elev/dem/setsm/ArcticDEM/mosaic/v4.1/2m/61_36/61_36_2_2_2m_v4.1.tar.gz,17142,115677
209,61_36_2_2_2m_v4.1,61_36_2_2,61_36,https://polargeospatialcenter.github.io/stac-browser/#/external/pgc-opendata-dems.s3.us-west-2.amazonaws.com/arcticdem/mosaics/v4.1/2m/61_36/61_36_2_2_2m_v4.1.json,https://data.pgc.umn.edu/elev/dem/setsm/ArcticDEM/mosaic/v4.1/2m/61_36/61_36_2_2_2m_v4.1.tar.gz,17959,127686
210,61_36_2_2_2m_v4.1,61_36_2_2,61_36,https://polargeospatialcenter.github.io/stac-browser/#/external/pgc-opendata-dems.s3.us-west-2.amazonaws.com/arcticdem/mosaics/v4.1/2m/61_36/61_36_2_2_2m_v4.1.json,https://data.pgc.umn.edu/elev/dem/setsm/ArcticDEM/mosaic/v4.1/2m/61_36/61_36_2_2_2m_v4.1.tar.gz,15512,129011
211,61_36_2_2_2m_v4.1,61_36_2_2,61_36,https://polargeospatialcenter.github.io/stac-browser/#/external/pgc-opendata-dems.s3.us-west-2.amazonaws.com/arcticdem/mosaics/v4.1/2m/61_36/61_36_2_2_2m_v4.1.json,https://data.pgc.umn.edu/elev/dem/setsm/ArcticDEM/mosaic/v4.1/2m/61_36/61_36_2_2_2m_v4.1.tar.gz,16571,129042
212,61_36_1_2_2m_v4.1,61_36_1_2,61_36,https://polargeospatialcenter.github.io/stac-browser/#/external/pgc-opendata-dems.s3.us-west-2.amazonaws.com/arcticdem/mosaics/v4.1/2m/61_36/61_36_1_2_2m_v4.1.json,https://data.pgc.umn.edu/elev/dem/setsm/ArcticDEM/mosaic/v4.1/2m/61_36/61_36_1_2_2m_v4.1.tar.gz,13448,142529
213,59_27_1_1_2m_v4.1,59_27_1_1,59_27,https://polargeospatialcenter.github.io/stac-browser/#/external/pgc-opendata-dems.s3.us-west-2.amazonaws.com/arcticdem/mosaics/v4.1/2m/59_27/59_27_1_1_2m_v4.1.json,https://data.pgc.umn.edu/elev/dem/setsm/ArcticDEM/mosaic/v4.1/2m/59_27/59_27_1_1_2m_v4.1.tar.gz,25256,58699
214,59_27_1_1_2m_v4.1,59_27_1_1,59_27,https://polargeospatialcenter.github.io/stac-browser/#/external/pgc-opendata-dems.s3.us-west-2.amazonaws.com/arcticdem/mosaics/v4.1/2m/59_27/59_27_1_1_2m_v4.1.json,https://data.pgc.umn.edu/elev/dem/setsm/ArcticDEM/mosaic/v4.1/2m/59_27/59_27_1_1_2m_v4.1.tar.gz,25187,58885
215,59_27_1_1_2m_v4.1,59_27_1_1,59_27,https://polargeospatialcenter.github.io/stac-browser/#/external/pgc-opendata-dems.s3.us-west-2.amazonaws.com/arcticdem/mosaics/v4.1/2m/59_27/59_27_1_1_2m_v4.1.json,https://data.pgc.umn.edu/elev/dem/setsm/ArcticDEM/mosaic/v4.1/2m/59_27/59_27_1_1_2m_v4.1.tar.gz,14275,130213
216,59_27_1_2_2m_v4.1,59_27_1_2,59_27,https://polargeospatialcenter.github.io/stac-browser/#/external/pgc-opendata-dems.s3.us-west-2.amazonaws.com/arcticdem/mosaics/v4.1/2m/59_27/59_27_1_2_2m_v4.1.json,https://data.pgc.umn.edu/elev/dem/setsm/ArcticDEM/mosaic/v4.1/2m/59_27/59_27_1_2_2m_v4.1.tar.gz,25188,58886
217,59_27_1_2_2m_v4.1,59_27_1_2,59_27,https://polargeospatialcenter.github.io/stac-browser/#/external/pgc-opendata-dems.s3.us-west-2.amazonaws.com/arcticdem/mosaics/v4.1/2m/59_27/59_27_1_2_2m_v4.1.json,https://data.pgc.umn.edu/elev/dem/setsm/ArcticDEM/mosaic/v4.1/2m/59_27/59_27_1_2_2m_v4.1.tar.gz,26423,85261
218,59_27_2_1_2m_v4.1,59_27_2_1,59_27,https://polargeospatialcenter.github.io/stac-browser/#/external/pgc-opendata-dems.s3.us-west-2.amazonaws.com/arcticdem/mosaics/v4.1/2m/59_27/59_27_2_1_2m_v4.1.json,https://data.pgc.umn.edu/elev/dem/setsm/ArcticDEM/mosaic/v4.1/2m/59_27/59_27_2_1_2m_v4.1.tar.gz,25111,59076
219,59_27_2_1_2m_v4.1,59_27_2_1,59_27,https://polargeospatialcenter.github.io/stac-browser/#/external/pgc-opendata-dems.s3.us-west-2.amazonaws.com/arcticdem/mosaics/v4.1/2m/59_27/59_27_2_1_2m_v4.1.json,https://data.pgc.umn.edu/elev/dem/setsm/ArcticDEM/mosaic/v4.1/2m/59_27/59_27_2_1_2m_v4.1.tar.gz,14275,130213
